grid_x,grid_y,local_x_m,local_y_m,height_m,measured,interpolated
0,0,-0.55,-0.65,0.017969823531951003,false,true
1,0,-0.5,-0.65,0.02042311429977417,false,true
2,0,-0.45000000000000007,-0.65,0.019002481544464215,false,true
3,0,-0.4,-0.65,0.01508856582653793,false,true
4,0,-0.35000000000000003,-0.65,0.008387879224050645,false,true
5,0,-0.30000000000000004,-0.65,0.0025056748103692316,false,true
6,0,-0.25,-0.65,0.0001434510285200206,false,true
7,0,-0.2,-0.65,0.00026556910833662554,false,true
8,0,-0.15000000000000002,-0.65,0.0020124664692903276,false,true
9,0,-0.10000000000000003,-0.65,0.0023833722887324224,false,true
10,0,-0.050000000000000044,-0.65,0.0019355623567518204,false,true
11,0,0.0,-0.65,0.0001798868179321289,false,true
12,0,0.050000000000000044,-0.65,0.015668164538214218,false,true
13,0,0.09999999999999998,-0.65,0.009074389934539795,false,true
14,0,0.15000000000000002,-0.65,0.02493545183634964,false,true
15,0,0.19999999999999996,-0.65,0.031505318789718476,false,true
16,0,0.25,-0.65,0.027008950710296627,false,true
17,0,0.30000000000000004,-0.65,0.03635874628980389,false,true
18,0,0.35,-0.65,0.03665920369241401,false,true
19,0,0.4,-0.65,0.02996231941748115,false,true
20,0,0.44999999999999996,-0.65,0.010835845883737054,false,true
21,0,0.5,-0.65,0.013069242238998413,false,true
22,0,0.55,-0.65,0.011685405609635695,false,true
23,0,0.6000000000000001,-0.65,0.010738909244537354,false,true
0,1,-0.55,-0.6,0.007744912895308426,false,true
1,1,-0.5,-0.6,0.014500346455650778,false,true
2,1,-0.45000000000000007,-0.6,0.02042311429977417,true,false
3,1,-0.4,-0.6,0.016993403434753418,true,false
4,1,-0.35000000000000003,-0.6,0.0070601701736450195,true,false
5,1,-0.30000000000000004,-0.6,0.0016600191593170166,true,false
6,1,-0.25,-0.6,-0.0008528828620910645,true,false
7,1,-0.2,-0.6,3.591179847717285e-05,true,false
8,1,-0.15000000000000002,-0.6,0.0017088055610656738,true,false
9,1,-0.10000000000000003,-0.6,0.004418462514877319,true,false
10,1,-0.050000000000000044,-0.6,0.0001798868179321289,true,false
11,1,0.0,-0.6,-0.0016143283314441889,false,true
12,1,0.050000000000000044,-0.6,0.04015427827835083,false,true
13,1,0.09999999999999998,-0.6,0.02955080114833286,false,true
14,1,0.15000000000000002,-0.6,0.009074389934539795,true,false
15,1,0.19999999999999996,-0.6,0.04736638069152832,true,false
16,1,0.25,-0.6,0.057336822943233695,false,true
17,1,0.30000000000000004,-0.6,0.006651520729064941,true,false
18,1,0.35,-0.6,0.07837110757827759,true,false
19,1,0.4,-0.6,0.007677346467971802,true,false
20,1,0.44999999999999996,-0.6,0.013069242238998413,true,false
21,1,0.5,-0.6,0.01106691307654118,false,true
22,1,0.55,-0.6,0.010738909244537354,false,true
23,1,0.6000000000000001,-0.6,0.010358103564034335,false,true
0,2,-0.55,-0.55,-0.0049929022789001465,false,true
1,2,-0.5,-0.55,0.0035270767044637335,false,true
2,2,-0.45000000000000007,-0.55,0.006124287843704224,true,false
3,2,-0.4,-0.55,0.0060280561447143555,true,false
4,2,-0.35000000000000003,-0.55,-0.0005038976669311523,true,false
5,2,-0.30000000000000004,-0.55,-0.0049929022789001465,true,false
6,2,-0.25,-0.55,-0.005496770143508911,true,false
7,2,-0.2,-0.55,-0.005315989255905151,true,false
8,2,-0.15000000000000002,-0.55,-0.0049929022789001465,true,false
9,2,-0.10000000000000003,-0.55,-0.0049929022789001465,true,false
10,2,-0.050000000000000044,-0.55,-0.004151731729507446,true,false
11,2,0.0,-0.55,0.008469630016582975,false,true
12,2,0.050000000000000044,-0.55,0.041502784878624514,false,true
13,2,0.09999999999999998,-0.55,0.04015427827835083,true,false
14,2,0.15000000000000002,-0.55,0.04351323843002319,true,false
15,2,0.19999999999999996,-0.55,0.08712261915206909,true,false
16,2,0.25,-0.55,0.08500701189041138,true,false
17,2,0.30000000000000004,-0.55,0.07419964671134949,true,false
18,2,0.35,-0.55,0.0022608041763305664,true,false
19,2,0.4,-0.55,0.006010919809341431,true,false
20,2,0.44999999999999996,-0.55,0.00869905948638916,true,false
21,2,0.5,-0.55,0.010738909244537354,true,false
22,2,0.55,-0.55,0.009819563006038253,false,true
23,2,0.6000000000000001,-0.55,0.009688193229655181,false,true
0,3,-0.55,-0.5,-0.0049929022789001465,false,true
1,3,-0.5,-0.5,-0.0049929022789001465,true,false
2,3,-0.45000000000000007,-0.5,-0.0049929022789001465,true,false
3,3,-0.4,-0.5,-0.0049929022789001465,true,false
4,3,-0.35000000000000003,-0.5,-0.0049929022789001465,true,false
5,3,-0.30000000000000004,-0.5,-0.005852758884429932,true,false
6,3,-0.25,-0.5,-0.007657289505004883,true,false
7,3,-0.2,-0.5,-0.006987929344177246,true,false
8,3,-0.15000000000000002,-0.5,-0.00714758038520813,true,false
9,3,-0.10000000000000003,-0.5,-0.0049929022789001465,true,false
10,3,-0.050000000000000044,-0.5,0.0016303658485412598,true,false
11,3,0.0,-0.5,0.020095080137252808,true,false
12,3,0.050000000000000044,-0.5,0.02500706911087036,true,false
13,3,0.09999999999999998,-0.5,0.08814603090286255,true,false
14,3,0.15000000000000002,-0.5,0.0023888349533081055,true,false
15,3,0.19999999999999996,-0.5,0.13000699877738953,true,false
16,3,0.25,-0.5,0.14500701427459717,true,false
17,3,0.30000000000000004,-0.5,0.02500706911087036,true,false
18,3,0.35,-0.5,0.00042319297790527344,true,false
19,3,0.4,-0.5,0.009511500597000122,true,false
20,3,0.44999999999999996,-0.5,0.007897019386291504,true,false
21,3,0.5,-0.5,0.008519411087036133,true,false
22,3,0.55,-0.5,0.008451692295326151,false,true
23,3,0.6000000000000001,-0.5,0.00825835799260282,false,true
0,4,-0.55,-0.45,-0.0049929022789001465,false,true
1,4,-0.5,-0.45,-0.0049929022789001465,true,false
2,4,-0.45000000000000007,-0.45,-0.00977945327758789,true,false
3,4,-0.4,-0.45,-0.010486453771591187,true,false
4,4,-0.35000000000000003,-0.45,-0.01010286808013916,true,false
5,4,-0.30000000000000004,-0.45,-0.009312748908996582,true,false
6,4,-0.25,-0.45,-0.00828486680984497,true,false
7,4,-0.2,-0.45,-0.00722658634185791,true,false
8,4,-0.15000000000000002,-0.45,-0.007742434740066528,true,false
9,4,-0.10000000000000003,-0.45,-0.008095979690551758,true,false
10,4,-0.050000000000000044,-0.45,0.0032573938369750977,true,false
11,4,0.0,-0.45,0.11500704288482666,true,false
12,4,0.050000000000000044,-0.45,0.11500698328018188,true,false
13,4,0.09999999999999998,-0.45,-0.0031549930572509766,true,false
14,4,0.15000000000000002,-0.45,-0.0032684803009033203,true,false
15,4,0.19999999999999996,-0.45,0.07933169603347778,true,false
16,4,0.25,-0.45,0.08500701189041138,true,false
17,4,0.30000000000000004,-0.45,0.02500706911087036,true,false
18,4,0.35,-0.45,0.0016323626041412354,true,false
19,4,0.4,-0.45,0.00838172435760498,true,false
20,4,0.44999999999999996,-0.45,0.0027007758617401123,true,false
21,4,0.5,-0.45,0.006068706512451172,true,false
22,4,0.55,-0.45,0.006423736986184107,false,true
23,4,0.6000000000000001,-0.45,0.0066535281343462335,false,true
0,5,-0.55,-0.4,-0.0049929022789001465,false,true
1,5,-0.5,-0.4,-0.0049929022789001465,true,false
2,5,-0.45000000000000007,-0.4,-0.010897964239120483,true,false
3,5,-0.4,-0.4,-0.011646866798400879,true,false
4,5,-0.35000000000000003,-0.4,-0.011507153511047363,true,false
5,5,-0.30000000000000004,-0.4,-0.011339247226715088,true,false
6,5,-0.25,-0.4,-0.01040560007095337,true,false
7,5,-0.2,-0.4,-0.009498655796051025,true,false
8,5,-0.15000000000000002,-0.4,-0.009450852870941162,true,false
9,5,-0.10000000000000003,-0.4,-0.008322417736053467,true,false
10,5,-0.050000000000000044,-0.4,0.023427486419677734,true,false
11,5,0.0,-0.4,0.31652170419692993,true,false
12,5,0.050000000000000044,-0.4,0.29500699043273926,true,false
13,5,0.09999999999999998,-0.4,-0.004992961883544922,true,false
14,5,0.15000000000000002,-0.4,-0.004992961883544922,true,false
15,5,0.19999999999999996,-0.4,0.055006980895996094,true,false
16,5,0.25,-0.4,0.055006980895996094,true,false
17,5,0.30000000000000004,-0.4,0.02500706911087036,true,false
18,5,0.35,-0.4,0.004417121410369873,true,false
19,5,0.4,-0.4,-0.001413583755493164,true,false
20,5,0.44999999999999996,-0.4,7.206201553344727e-05,true,false
21,5,0.5,-0.4,0.004830151796340942,true,false
22,5,0.55,-0.4,0.00518033773161048,false,true
23,5,0.6000000000000001,-0.4,0.005386245079938084,false,true
0,6,-0.55,-0.35,-0.006229621295175217,false,true
1,6,-0.5,-0.35,-0.0049929022789001465,true,false
2,6,-0.45000000000000007,-0.35,-0.011123836040496826,true,false
3,6,-0.4,-0.35,-0.012527823448181152,true,false
4,6,-0.35000000000000003,-0.35,-0.012265622615814209,true,false
5,6,-0.30000000000000004,-0.35,-0.01218879222869873,true,false
6,6,-0.25,-0.35,-0.01188647747039795,true,false
7,6,-0.2,-0.35,-0.011486172676086426,true,false
8,6,-0.15000000000000002,-0.35,-0.011694133281707764,true,false
9,6,-0.10000000000000003,-0.35,-0.008786529302597046,true,false
10,6,-0.050000000000000044,-0.35,0.025007128715515137,true,false
11,6,0.0,-0.35,0.08500707149505615,true,false
12,6,0.050000000000000044,-0.35,0.02500706911087036,true,false
13,6,0.09999999999999998,-0.35,-0.007350802421569824,true,false
14,6,0.15000000000000002,-0.35,0.007952243089675903,true,false
15,6,0.19999999999999996,-0.35,-0.004992961883544922,true,false
16,6,0.25,-0.35,0.028004884719848633,true,false
17,6,0.30000000000000004,-0.35,0.01459050178527832,true,false
18,6,0.35,-0.35,-0.0020875930786132812,true,false
19,6,0.4,-0.35,-0.0020552873611450195,true,false
20,6,0.44999999999999996,-0.35,-0.0008761882781982422,true,false
21,6,0.5,-0.35,0.0047872066497802734,true,false
22,6,0.55,-0.35,0.004639950138289244,false,true
23,6,0.6000000000000001,-0.35,0.005015505045665359,false,true
0,7,-0.55,-0.3,-0.007645118547693589,false,true
1,7,-0.5,-0.3,-0.009215325117111206,true,false
2,7,-0.45000000000000007,-0.3,-0.01121598482131958,true,false
3,7,-0.4,-0.3,-0.012693583965301514,true,false
4,7,-0.35000000000000003,-0.3,-0.012930035591125488,true,false
5,7,-0.30000000000000004,-0.3,-0.01290208101272583,true,false
6,7,-0.25,-0.3,-0.012829422950744629,true,false
7,7,-0.2,-0.3,-0.012516617774963379,true,false
8,7,-0.15000000000000002,-0.3,-0.01236814260482788,true,false
9,7,-0.10000000000000003,-0.3,-0.013115167617797852,true,false
10,7,-0.050000000000000044,-0.3,0.007930964231491089,true,false
11,7,0.0,-0.3,0.025007128715515137,true,false
12,7,0.050000000000000044,-0.3,-0.0049929022789001465,true,false
13,7,0.09999999999999998,-0.3,-0.007944434881210327,true,false
14,7,0.15000000000000002,-0.3,-0.006209373474121094,true,false
15,7,0.19999999999999996,-0.3,0.01832139492034912,true,false
16,7,0.25,-0.3,0.01869836449623108,true,false
17,7,0.30000000000000004,-0.3,0.0002455413341522217,true,false
18,7,0.35,-0.3,-0.0035760998725891113,true,false
19,7,0.4,-0.3,-0.0027226805686950684,true,false
20,7,0.44999999999999996,-0.3,-0.0011947453022003174,true,false
21,7,0.5,-0.3,0.004241496324539185,true,false
22,7,0.55,-0.3,0.005381787203147309,false,true
23,7,0.6000000000000001,-0.3,0.0051232126462147955,false,true
0,8,-0.55,-0.25,-0.007506983480299328,false,true
1,8,-0.5,-0.25,-0.008076727390289307,true,false
2,8,-0.45000000000000007,-0.25,-0.010783165693283081,true,false
3,8,-0.4,-0.25,-0.0125349760055542,true,false
4,8,-0.35000000000000003,-0.25,-0.012502551078796387,true,false
5,8,-0.30000000000000004,-0.25,-0.012538135051727295,true,false
6,8,-0.25,-0.25,-0.012004971504211426,true,false
7,8,-0.2,-0.25,-0.011392354965209961,true,false
8,8,-0.15000000000000002,-0.25,-0.011307477951049805,true,false
9,8,-0.10000000000000003,-0.25,-0.01072770357131958,true,false
10,8,-0.050000000000000044,-0.25,-0.00664404034614563,true,false
11,8,0.0,-0.25,-0.0049929022789001465,true,false
12,8,0.050000000000000044,-0.25,-0.006142377853393555,true,false
13,8,0.09999999999999998,-0.25,-0.007208585739135742,true,false
14,8,0.15000000000000002,-0.25,-0.004992961883544922,true,false
15,8,0.19999999999999996,-0.25,-0.002164781093597412,true,false
16,8,0.25,-0.25,0.010731756687164307,true,false
17,8,0.30000000000000004,-0.25,-0.004992961883544922,true,false
18,8,0.35,-0.25,-0.002068042755126953,true,false
19,8,0.4,-0.25,-0.0018994510173797607,true,false
20,8,0.44999999999999996,-0.25,0.0006691217422485352,true,false
21,8,0.5,-0.25,0.007588982582092285,true,false
22,8,0.55,-0.25,0.005240795508841774,false,true
23,8,0.6000000000000001,-0.25,0.004856541354446727,false,true
0,9,-0.55,-0.2,-0.005793569188978754,false,true
1,9,-0.5,-0.2,-0.0049929022789001465,true,false
2,9,-0.45000000000000007,-0.2,-0.010485976934432983,true,false
3,9,-0.4,-0.2,-0.012551307678222656,true,false
4,9,-0.35000000000000003,-0.2,-0.012009501457214355,true,false
5,9,-0.30000000000000004,-0.2,-0.012076735496520996,true,false
6,9,-0.25,-0.2,-0.011783480644226074,true,false
7,9,-0.2,-0.2,-0.01150602102279663,true,false
8,9,-0.15000000000000002,-0.2,-0.01100468635559082,true,false
9,9,-0.10000000000000003,-0.2,-0.010614395141601562,true,false
10,9,-0.050000000000000044,-0.2,-0.009620130062103271,true,false
11,9,0.0,-0.2,-0.008384853601455688,true,false
12,9,0.050000000000000044,-0.2,-0.007645100355148315,true,false
13,9,0.09999999999999998,-0.2,-0.007416427135467529,true,false
14,9,0.15000000000000002,-0.2,-0.007728755474090576,true,false
15,9,0.19999999999999996,-0.2,-0.004992961883544922,true,false
16,9,0.25,-0.2,-0.0039037466049194336,true,false
17,9,0.30000000000000004,-0.2,-0.0046179890632629395,true,false
18,9,0.35,-0.2,-0.002654433250427246,true,false
19,9,0.4,-0.2,-0.0015079975128173828,true,false
20,9,0.44999999999999996,-0.2,0.00044226646423339844,true,false
21,9,0.5,-0.2,0.0029192566871643066,true,false
22,9,0.55,-0.2,0.003787878069202467,false,true
23,9,0.6000000000000001,-0.2,0.003542051997404473,false,true
0,10,-0.55,-0.15000000000000002,-0.004932716444594279,false,true
1,10,-0.5,-0.15000000000000002,-0.0046427249908447266,true,false
2,10,-0.45000000000000007,-0.15000000000000002,-0.010548233985900879,true,false
3,10,-0.4,-0.15000000000000002,-0.011976659297943115,true,false
4,10,-0.35000000000000003,-0.15000000000000002,-0.01123654842376709,true,false
5,10,-0.30000000000000004,-0.15000000000000002,-0.011472880840301514,true,false
6,10,-0.25,-0.15000000000000002,-0.010919928550720215,true,false
7,10,-0.2,-0.15000000000000002,-0.010602056980133057,true,false
8,10,-0.15000000000000002,-0.15000000000000002,-0.010238081216812134,true,false
9,10,-0.10000000000000003,-0.15000000000000002,-0.010399341583251953,true,false
10,10,-0.050000000000000044,-0.15000000000000002,-0.00960955023765564,true,false
11,10,0.0,-0.15000000000000002,-0.008477240800857544,true,false
12,10,0.050000000000000044,-0.15000000000000002,-0.008060187101364136,true,false
13,10,0.09999999999999998,-0.15000000000000002,-0.007660508155822754,true,false
14,10,0.15000000000000002,-0.15000000000000002,-0.007130265235900879,true,false
15,10,0.19999999999999996,-0.15000000000000002,-0.004992961883544922,true,false
16,10,0.25,-0.15000000000000002,-0.004992961883544922,true,false
17,10,0.30000000000000004,-0.15000000000000002,-0.002065807580947876,true,false
18,10,0.35,-0.15000000000000002,-0.0019930005073547363,true,false
19,10,0.4,-0.15000000000000002,-0.0013798177242279053,true,false
20,10,0.44999999999999996,-0.15000000000000002,-0.00013878941535949707,true,false
21,10,0.5,-0.15000000000000002,0.0012151896953582764,true,false
22,10,0.55,-0.15000000000000002,0.0014956579212455463,false,true
23,10,0.6000000000000001,-0.15000000000000002,0.0018236693329066037,false,true
0,11,-0.55,-0.09999999999999998,-0.0054742746867487,false,true
1,11,-0.5,-0.09999999999999998,-0.00528264045715332,true,false
2,11,-0.45000000000000007,-0.09999999999999998,-0.00950855016708374,true,false
3,11,-0.4,-0.09999999999999998,-0.011521220207214355,true,false
4,11,-0.35000000000000003,-0.09999999999999998,-0.011003851890563965,true,false
5,11,-0.30000000000000004,-0.09999999999999998,-0.011060237884521484,true,false
6,11,-0.25,-0.09999999999999998,-0.010857224464416504,true,false
7,11,-0.2,-0.09999999999999998,-0.010163187980651855,true,false
8,11,-0.15000000000000002,-0.09999999999999998,-0.009904026985168457,true,false
9,11,-0.10000000000000003,-0.09999999999999998,-0.009537190198898315,true,false
10,11,-0.050000000000000044,-0.09999999999999998,-0.008594751358032227,true,false
11,11,0.0,-0.09999999999999998,-0.007740497589111328,true,false
12,11,0.050000000000000044,-0.09999999999999998,-0.007263779640197754,true,false
13,11,0.09999999999999998,-0.09999999999999998,-0.006618857383728027,true,false
14,11,0.15000000000000002,-0.09999999999999998,0.021344423294067383,true,false
15,11,0.19999999999999996,-0.09999999999999998,0.2650070786476135,true,false
16,11,0.25,-0.09999999999999998,-0.004992961883544922,true,false
17,11,0.30000000000000004,-0.09999999999999998,-0.0039834678173065186,true,false
18,11,0.35,-0.09999999999999998,-0.0025784671306610107,true,false
19,11,0.4,-0.09999999999999998,-0.0010438263416290283,true,false
20,11,0.44999999999999996,-0.09999999999999998,0.0005508661270141602,true,false
21,11,0.5,-0.09999999999999998,0.0004687011241912842,true,false
22,11,0.55,-0.09999999999999998,0.00032333878359495336,false,true
23,11,0.6000000000000001,-0.09999999999999998,0.000374003880405559,false,true
0,12,-0.55,-0.04999999999999993,-0.006874151108443885,false,true
1,12,-0.5,-0.04999999999999993,-0.006576836109161377,true,false
2,12,-0.45000000000000007,-0.04999999999999993,-0.009389698505401611,true,false
3,12,-0.4,-0.04999999999999993,-0.011273026466369629,true,false
4,12,-0.35000000000000003,-0.04999999999999993,-0.010335922241210938,true,false
5,12,-0.30000000000000004,-0.04999999999999993,-0.010959863662719727,true,false
6,12,-0.25,-0.04999999999999993,-0.010273456573486328,true,false
7,12,-0.2,-0.04999999999999993,-0.009735643863677979,true,false
8,12,-0.15000000000000002,-0.04999999999999993,-0.009181320667266846,true,false
9,12,-0.10000000000000003,-0.04999999999999993,-0.008668988943099976,true,false
10,12,-0.050000000000000044,-0.04999999999999993,-0.007983684539794922,true,false
11,12,0.0,-0.04999999999999993,-0.007046043872833252,true,false
12,12,0.050000000000000044,-0.04999999999999993,-0.006696105003356934,true,false
13,12,0.09999999999999998,-0.04999999999999993,-0.006080210208892822,true,false
14,12,0.15000000000000002,-0.04999999999999993,0.011726140975952148,true,false
15,12,0.19999999999999996,-0.04999999999999993,0.01155117154121399,true,false
16,12,0.25,-0.04999999999999993,-0.0049929022789001465,true,false
17,12,0.30000000000000004,-0.04999999999999993,-0.004130363464355469,true,false
18,12,0.35,-0.04999999999999993,-0.0030903220176696777,true,false
19,12,0.4,-0.04999999999999993,-0.0016179978847503662,true,false
20,12,0.44999999999999996,-0.04999999999999993,-0.0011571049690246582,true,false
21,12,0.5,-0.04999999999999993,-0.000774085521697998,true,false
22,12,0.55,-0.04999999999999993,-0.0006759988933859239,false,true
23,12,0.6000000000000001,-0.04999999999999993,-0.0004903551838093356,false,true
0,13,-0.55,0.0,-0.008581559950386316,false,true
1,13,-0.5,0.0,-0.008886128664016724,true,false
2,13,-0.45000000000000007,0.0,-0.010184377431869507,true,false
3,13,-0.4,0.0,-0.01048189401626587,true,false
4,13,-0.35000000000000003,0.0,-0.00923377275466919,true,false
5,13,-0.30000000000000004,0.0,-0.009125232696533203,true,false
6,13,-0.25,0.0,-0.009518235921859741,true,false
7,13,-0.2,0.0,-0.00962337851524353,true,false
8,13,-0.15000000000000002,0.0,-0.009540677070617676,true,false
9,13,-0.10000000000000003,0.0,-0.00896763801574707,true,false
10,13,-0.050000000000000044,0.0,-0.006162136793136597,true,false
11,13,0.0,0.0,-0.006239712238311768,true,false
12,13,0.050000000000000044,0.0,-0.0049929022789001465,true,false
13,13,0.09999999999999998,0.0,-0.0049929022789001465,true,false
14,13,0.15000000000000002,0.0,0.007992863655090332,true,false
15,13,0.19999999999999996,0.0,0.008178025484085083,true,false
16,13,0.25,0.0,-0.0009182989597320557,true,false
17,13,0.30000000000000004,0.0,-0.002957552671432495,true,false
18,13,0.35,0.0,-0.0024168789386749268,true,false
19,13,0.4,0.0,-0.001684337854385376,true,false
20,13,0.44999999999999996,0.0,-0.0013564229011535645,true,false
21,13,0.5,0.0,-0.001681983470916748,true,false
22,13,0.55,0.0,-0.0010415092993611614,false,true
23,13,0.6000000000000001,0.0,-0.0008012022056986173,false,true
0,14,-0.55,0.050000000000000044,-0.009377822491435414,false,true
1,14,-0.5,0.050000000000000044,-0.010155558586120605,true,false
2,14,-0.45000000000000007,0.050000000000000044,-0.008056998252868652,true,false
3,14,-0.4,0.050000000000000044,-0.008222460746765137,true,false
4,14,-0.35000000000000003,0.050000000000000044,-0.007237255573272705,true,false
5,14,-0.30000000000000004,0.050000000000000044,-0.007466018199920654,true,false
6,14,-0.25,0.050000000000000044,-0.007738679647445679,true,false
7,14,-0.2,0.050000000000000044,-0.008159041404724121,true,false
8,14,-0.15000000000000002,0.050000000000000044,-0.0075623393058776855,true,false
9,14,-0.10000000000000003,0.050000000000000044,-0.00736197829246521,true,false
10,14,-0.050000000000000044,0.050000000000000044,-0.0049929022789001465,true,false
11,14,0.0,0.050000000000000044,-0.0049929022789001465,true,false
12,14,0.050000000000000044,0.050000000000000044,-0.0049929022789001465,true,false
13,14,0.09999999999999998,0.050000000000000044,-0.0049929022789001465,true,false
14,14,0.15000000000000002,0.050000000000000044,-0.0031036436557769775,true,false
15,14,0.19999999999999996,0.050000000000000044,-4.3451786041259766e-05,true,false
16,14,0.25,0.050000000000000044,-0.0012662708759307861,true,false
17,14,0.30000000000000004,0.050000000000000044,-0.0009674131870269775,true,false
18,14,0.35,0.050000000000000044,-0.0002602040767669678,true,false
19,14,0.4,0.050000000000000044,0.00027233362197875977,true,false
20,14,0.44999999999999996,0.050000000000000044,0.0002598762512207031,true,false
21,14,0.5,0.050000000000000044,-0.0004031658172607422,true,false
22,14,0.55,0.050000000000000044,-0.000586559967019279,false,true
23,14,0.6000000000000001,0.050000000000000044,-0.00048597843294055567,false,true
0,15,-0.55,0.09999999999999998,-0.00867504504564218,false,true
1,15,-0.5,0.09999999999999998,-0.008769631385803223,true,false
2,15,-0.45000000000000007,0.09999999999999998,-0.00790366530418396,true,false
3,15,-0.4,0.09999999999999998,-0.007584631443023682,true,false
4,15,-0.35000000000000003,0.09999999999999998,-0.00674891471862793,true,false
5,15,-0.30000000000000004,0.09999999999999998,-0.006711423397064209,true,false
6,15,-0.25,0.09999999999999998,-0.006884217262268066,true,false
7,15,-0.2,0.09999999999999998,-0.007231414318084717,true,false
8,15,-0.15000000000000002,0.09999999999999998,-0.006879091262817383,true,false
9,15,-0.10000000000000003,0.09999999999999998,-0.005845963954925537,true,false
10,15,-0.050000000000000044,0.09999999999999998,0.01068463921546936,true,false
11,15,0.0,0.09999999999999998,0.019145548343658447,true,false
12,15,0.050000000000000044,0.09999999999999998,-0.004051148891448975,true,false
13,15,0.09999999999999998,0.09999999999999998,-0.0028860867023468018,true,false
14,15,0.15000000000000002,0.09999999999999998,-0.0019918084144592285,true,false
15,15,0.19999999999999996,0.09999999999999998,-0.001462101936340332,true,false
16,15,0.25,0.09999999999999998,-0.000985562801361084,true,false
17,15,0.30000000000000004,0.09999999999999998,-0.00035178661346435547,true,false
18,15,0.35,0.09999999999999998,0.0002618134021759033,true,false
19,15,0.4,0.09999999999999998,0.0007382631301879883,true,false
20,15,0.44999999999999996,0.09999999999999998,0.0004901289939880371,true,false
21,15,0.5,0.09999999999999998,0.00024950504302978516,true,false
22,15,0.55,0.09999999999999998,0.00021179620309847252,false,true
23,15,0.6000000000000001,0.09999999999999998,0.00017434047003915413,false,true
0,16,-0.55,0.15000000000000002,-0.00695561791319171,false,true
1,16,-0.5,0.15000000000000002,-0.0070607662200927734,true,false
2,16,-0.45000000000000007,0.15000000000000002,-0.006265044212341309,true,false
3,16,-0.4,0.15000000000000002,-0.007072120904922485,true,false
4,16,-0.35000000000000003,0.15000000000000002,-0.006601959466934204,true,false
5,16,-0.30000000000000004,0.15000000000000002,-0.006379932165145874,true,false
6,16,-0.25,0.15000000000000002,-0.006538987159729004,true,false
7,16,-0.2,0.15000000000000002,-0.006451904773712158,true,false
8,16,-0.15000000000000002,0.15000000000000002,-0.006301820278167725,true,false
9,16,-0.10000000000000003,0.15000000000000002,-0.0049929022789001465,true,false
10,16,-0.050000000000000044,0.15000000000000002,0.010926544666290283,true,false
11,16,0.0,0.15000000000000002,0.01564154028892517,true,false
12,16,0.050000000000000044,0.15000000000000002,-0.002322554588317871,true,false
13,16,0.09999999999999998,0.15000000000000002,-0.0024608075618743896,true,false
14,16,0.15000000000000002,0.15000000000000002,-0.0019215047359466553,true,false
15,16,0.19999999999999996,0.15000000000000002,-0.00151824951171875,true,false
16,16,0.25,0.15000000000000002,-0.0005980134010314941,true,false
17,16,0.30000000000000004,0.15000000000000002,5.310773849487305e-05,true,false
18,16,0.35,0.15000000000000002,0.0006792545318603516,true,false
19,16,0.4,0.15000000000000002,0.0010561048984527588,true,false
20,16,0.44999999999999996,0.15000000000000002,0.0005883276462554932,true,false
21,16,0.5,0.15000000000000002,0.0007734298706054688,true,false
22,16,0.55,0.15000000000000002,0.0008822705014164728,false,true
23,16,0.6000000000000001,0.15000000000000002,0.0009557196329444834,false,true
0,17,-0.55,0.20000000000000007,-0.005329741728925475,false,true
1,17,-0.5,0.20000000000000007,-0.0049929022789001465,true,false
2,17,-0.45000000000000007,0.20000000000000007,-0.005949616432189941,true,false
3,17,-0.4,0.20000000000000007,-0.0051874518394470215,true,false
4,17,-0.35000000000000003,0.20000000000000007,-0.005347996950149536,true,false
5,17,-0.30000000000000004,0.20000000000000007,-0.005501478910446167,true,false
6,17,-0.25,0.20000000000000007,-0.005412191152572632,true,false
7,17,-0.2,0.20000000000000007,-0.0049929022789001465,true,false
8,17,-0.15000000000000002,0.20000000000000007,-0.0049929022789001465,true,false
9,17,-0.10000000000000003,0.20000000000000007,-0.0049929022789001465,true,false
10,17,-0.050000000000000044,0.20000000000000007,0.005652576684951782,true,false
11,17,0.0,0.20000000000000007,0.005885392427444458,true,false
12,17,0.050000000000000044,0.20000000000000007,-0.001998990774154663,true,false
13,17,0.09999999999999998,0.20000000000000007,-0.002257615327835083,true,false
14,17,0.15000000000000002,0.20000000000000007,-0.0016522407531738281,true,false
15,17,0.19999999999999996,0.20000000000000007,-0.0011195540428161621,true,false
16,17,0.25,0.20000000000000007,-0.00019299983978271484,true,false
17,17,0.30000000000000004,0.20000000000000007,0.0005308091640472412,true,false
18,17,0.35,0.20000000000000007,0.0015125870704650879,true,false
19,17,0.4,0.20000000000000007,0.001640409231185913,true,false
20,17,0.44999999999999996,0.20000000000000007,0.0015794634819030762,true,false
21,17,0.5,0.20000000000000007,0.0016689598560333252,true,false
22,17,0.55,0.20000000000000007,0.0018035158207419326,false,true
23,17,0.6000000000000001,0.20000000000000007,0.0017912135537223241,false,true
0,18,-0.55,0.25,-0.004223864224990466,false,true
1,18,-0.5,0.25,-0.004075080156326294,true,false
2,18,-0.45000000000000007,0.25,-0.0049929022789001465,true,false
3,18,-0.4,0.25,-0.0023194551467895508,true,false
4,18,-0.35000000000000003,0.25,-0.002900421619415283,true,false
5,18,-0.30000000000000004,0.25,-0.0031923651695251465,true,false
6,18,-0.25,0.25,-0.002984553575515747,true,false
7,18,-0.2,0.25,-0.0027289390563964844,true,false
8,18,-0.15000000000000002,0.25,-0.002005159854888916,true,false
9,18,-0.10000000000000003,0.25,-0.0025458037853240967,true,false
10,18,-0.050000000000000044,0.25,-0.0009402334690093994,true,false
11,18,0.0,0.25,-0.0022174715995788574,true,false
12,18,0.050000000000000044,0.25,-0.0009552836418151855,true,false
13,18,0.09999999999999998,0.25,-0.001394718885421753,true,false
14,18,0.15000000000000002,0.25,-0.0008849501609802246,true,false
15,18,0.19999999999999996,0.25,-0.0003736913204193115,true,false
16,18,0.25,0.25,0.000354766845703125,true,false
17,18,0.30000000000000004,0.25,0.0009761452674865723,true,false
18,18,0.35,0.25,0.002511262893676758,true,false
19,18,0.4,0.25,0.0033419132232666016,true,false
20,18,0.44999999999999996,0.25,0.003530561923980713,true,false
21,18,0.5,0.25,0.003023892641067505,true,false
22,18,0.55,0.25,0.002682758573161109,false,true
23,18,0.6000000000000001,0.25,0.003220337105979404,false,true
0,19,-0.55,0.30000000000000004,-0.004174142108858915,false,true
1,19,-0.5,0.30000000000000004,-0.003665238618850708,true,false
2,19,-0.45000000000000007,0.30000000000000004,-0.0049929022789001465,true,false
3,19,-0.4,0.30000000000000004,-0.0022093653678894043,true,false
4,19,-0.35000000000000003,0.30000000000000004,-0.002728879451751709,true,false
5,19,-0.30000000000000004,0.30000000000000004,-0.003141939640045166,true,false
6,19,-0.25,0.30000000000000004,-0.00295180082321167,true,false
7,19,-0.2,0.30000000000000004,-0.0023466646671295166,true,false
8,19,-0.15000000000000002,0.30000000000000004,-0.0017392933368682861,true,false
9,19,-0.10000000000000003,0.30000000000000004,-0.0012149512767791748,true,false
10,19,-0.050000000000000044,0.30000000000000004,-0.0008934438228607178,true,false
11,19,0.0,0.30000000000000004,-0.0005924701690673828,true,false
12,19,0.050000000000000044,0.30000000000000004,-0.0002270340919494629,true,false
13,19,0.09999999999999998,0.30000000000000004,-0.0008843839168548584,true,false
14,19,0.15000000000000002,0.30000000000000004,-4.556775093078613e-05,true,false
15,19,0.19999999999999996,0.30000000000000004,0.00039398670196533203,true,false
16,19,0.25,0.30000000000000004,0.0010211765766143799,true,false
17,19,0.30000000000000004,0.30000000000000004,0.0023013651371002197,true,false
18,19,0.35,0.30000000000000004,0.002964586019515991,true,false
19,19,0.4,0.30000000000000004,0.003470093011856079,true,false
20,19,0.44999999999999996,0.30000000000000004,0.003689318895339966,true,false
21,19,0.5,0.30000000000000004,0.003214120864868164,true,false
22,19,0.55,0.30000000000000004,0.003722686618736483,false,true
23,19,0.6000000000000001,0.30000000000000004,0.004404544830322266,false,true
0,20,-0.55,0.35,-0.004604038596006618,false,true
1,20,-0.5,0.35,-0.0049929022789001465,true,false
2,20,-0.45000000000000007,0.35,-0.0049929022789001465,true,false
3,20,-0.4,0.35,-0.0019834935665130615,true,false
4,20,-0.35000000000000003,0.35,-0.002495020627975464,true,false
5,20,-0.30000000000000004,0.35,-0.002437114715576172,true,false
6,20,-0.25,0.35,-0.002491384744644165,true,false
7,20,-0.2,0.35,-0.001766979694366455,true,false
8,20,-0.15000000000000002,0.35,-0.001213669776916504,true,false
9,20,-0.10000000000000003,0.35,-0.000637054443359375,true,false
10,20,-0.050000000000000044,0.35,7.197260856628418e-05,true,false
11,20,0.0,0.35,0.0005515217781066895,true,false
12,20,0.050000000000000044,0.35,0.0010041296482086182,true,false
13,20,0.09999999999999998,0.35,0.025007128715515137,true,false
14,20,0.15000000000000002,0.35,0.0011701583862304688,true,false
15,20,0.19999999999999996,0.35,0.24815088510513306,true,false
16,20,0.25,0.35,0.0015354156494140625,true,false
17,20,0.30000000000000004,0.35,0.002611309289932251,true,false
18,20,0.35,0.35,0.00338822603225708,true,false
19,20,0.4,0.35,0.003941446542739868,true,false
20,20,0.44999999999999996,0.35,0.004356026649475098,true,false
21,20,0.5,0.35,0.004176408052444458,true,false
22,20,0.55,0.35,0.004404544830322266,true,false
23,20,0.6000000000000001,0.35,0.004500758066926476,false,true
0,21,-0.55,0.4,-0.0038396926310562953,false,true
1,21,-0.5,0.4,-0.0049929022789001465,true,false
2,21,-0.45000000000000007,0.4,-0.003618478775024414,true,false
3,21,-0.4,0.4,-0.001802295446395874,true,false
4,21,-0.35000000000000003,0.4,-0.002238631248474121,true,false
5,21,-0.30000000000000004,0.4,-0.002190500497817993,true,false
6,21,-0.25,0.4,-0.0020062625408172607,true,false
7,21,-0.2,0.4,-0.0017175674438476562,true,false
8,21,-0.15000000000000002,0.4,-0.001048743724822998,true,false
9,21,-0.10000000000000003,0.4,-0.000565648078918457,true,false
10,21,-0.050000000000000044,0.4,0.0001672804355621338,true,false
11,21,0.0,0.4,0.0008185505867004395,true,false
12,21,0.050000000000000044,0.4,0.001463770866394043,true,false
13,21,0.09999999999999998,0.4,0.2650070786476135,true,false
14,21,0.15000000000000002,0.4,0.30233708024024963,true,false
15,21,0.19999999999999996,0.4,0.2650070786476135,true,false
16,21,0.25,0.4,0.001688838005065918,true,false
17,21,0.30000000000000004,0.4,0.0029472708702087402,true,false
18,21,0.35,0.4,0.003487706184387207,true,false
19,21,0.4,0.4,0.004057109355926514,true,false
20,21,0.44999999999999996,0.4,0.004633903503417969,true,false
21,21,0.5,0.4,0.0045160651206970215,true,false
22,21,0.55,0.4,0.004636824131011963,true,false
23,21,0.6000000000000001,0.4,0.004580112479846746,false,true
0,22,-0.55,0.45000000000000007,-0.0020344394377262275,false,true
1,22,-0.5,0.45000000000000007,-0.001055598258972168,true,false
2,22,-0.45000000000000007,0.45000000000000007,-0.002436220645904541,true,false
3,22,-0.4,0.45000000000000007,-0.0012914836406707764,true,false
4,22,-0.35000000000000003,0.45000000000000007,-0.0018135905265808105,true,false
5,22,-0.30000000000000004,0.45000000000000007,-0.0017814040184020996,true,false
6,22,-0.25,0.45000000000000007,-0.0013364553451538086,true,false
7,22,-0.2,0.45000000000000007,-0.0011408627033233643,true,false
8,22,-0.15000000000000002,0.45000000000000007,-0.0008333921432495117,true,false
9,22,-0.10000000000000003,0.45000000000000007,-0.0004195570945739746,true,false
10,22,-0.050000000000000044,0.45000000000000007,0.0005141496658325195,true,false
11,22,0.0,0.45000000000000007,0.0010159611701965332,true,false
12,22,0.050000000000000044,0.45000000000000007,0.0011150836944580078,true,false
13,22,0.09999999999999998,0.45000000000000007,0.02880227565765381,true,false
14,22,0.15000000000000002,0.45000000000000007,0.26671499013900757,true,false
15,22,0.19999999999999996,0.45000000000000007,0.0023947954177856445,true,false
16,22,0.25,0.45000000000000007,0.0029729604721069336,true,false
17,22,0.30000000000000004,0.45000000000000007,0.0035755038261413574,true,false
18,22,0.35,0.45000000000000007,0.0039370059967041016,true,false
19,22,0.4,0.45000000000000007,0.004330664873123169,true,false
20,22,0.44999999999999996,0.45000000000000007,0.004502475261688232,true,false
21,22,0.5,0.45000000000000007,0.0043513476848602295,true,false
22,22,0.55,0.45000000000000007,0.004675477743148804,true,false
23,22,0.6000000000000001,0.45000000000000007,0.0046315451988491975,false,true
0,23,-0.55,0.5000000000000001,-0.0016313534981742624,false,true
1,23,-0.5,0.5000000000000001,-0.0004602670669555664,true,false
2,23,-0.45000000000000007,0.5000000000000001,-0.002370297908782959,true,false
3,23,-0.4,0.5000000000000001,-0.0009670257568359375,true,false
4,23,-0.35000000000000003,0.5000000000000001,-0.000726848840713501,true,false
5,23,-0.30000000000000004,0.5000000000000001,-0.000475466251373291,true,false
6,23,-0.25,0.5000000000000001,2.2858381271362305e-05,true,false
7,23,-0.2,0.5000000000000001,1.6391277313232422e-05,true,false
8,23,-0.15000000000000002,0.5000000000000001,0.00042507052421569824,true,false
9,23,-0.10000000000000003,0.5000000000000001,0.0009464621543884277,true,false
10,23,-0.050000000000000044,0.5000000000000001,0.0008846819400787354,true,false
11,23,0.0,0.5000000000000001,0.0012074112892150879,true,false
12,23,0.050000000000000044,0.5000000000000001,0.0015982985496520996,true,false
13,23,0.09999999999999998,0.5000000000000001,0.025007128715515137,true,false
14,23,0.15000000000000002,0.5000000000000001,0.023294925689697266,true,false
15,23,0.19999999999999996,0.5000000000000001,0.006667345762252808,true,false
16,23,0.25,0.5000000000000001,0.0036200881004333496,true,false
17,23,0.30000000000000004,0.5000000000000001,0.004108726978302002,true,false
18,23,0.35,0.5000000000000001,0.004471272230148315,true,false
19,23,0.4,0.5000000000000001,0.005096405744552612,true,false
20,23,0.44999999999999996,0.5000000000000001,0.005070030689239502,true,false
21,23,0.5,0.5000000000000001,0.005310654640197754,true,false
22,23,0.55,0.5000000000000001,0.004564136266708374,true,false
23,23,0.6000000000000001,0.5000000000000001,0.004835753389889544,false,true
0,24,-0.55,0.5500000000000002,-0.0031974172437927786,false,true
1,24,-0.5,0.5500000000000002,-0.0038632750511169434,true,false
2,24,-0.45000000000000007,0.5500000000000002,-0.0009378194808959961,true,false
3,24,-0.4,0.5500000000000002,-0.0002478659152984619,true,false
4,24,-0.35000000000000003,0.5500000000000002,0.00020998716354370117,true,false
5,24,-0.30000000000000004,0.5500000000000002,0.00018963217735290527,true,false
6,24,-0.25,0.5500000000000002,0.0007187128067016602,true,false
7,24,-0.2,0.5500000000000002,0.0010316967964172363,true,false
8,24,-0.15000000000000002,0.5500000000000002,0.0009043216705322266,true,false
9,24,-0.10000000000000003,0.5500000000000002,0.0017947256565093994,true,false
10,24,-0.050000000000000044,0.5500000000000002,0.0014158189296722412,true,false
11,24,0.0,0.5500000000000002,0.0016062259674072266,true,false
12,24,0.050000000000000044,0.5500000000000002,0.0017333030700683594,true,false
13,24,0.09999999999999998,0.5500000000000002,0.025007128715515137,true,false
14,24,0.15000000000000002,0.5500000000000002,0.023805052042007446,true,false
15,24,0.19999999999999996,0.5500000000000002,0.007193058729171753,true,false
16,24,0.25,0.5500000000000002,0.004210293292999268,true,false
17,24,0.30000000000000004,0.5500000000000002,0.004694342613220215,true,false
18,24,0.35,0.5500000000000002,0.005233108997344971,true,false
19,24,0.4,0.5500000000000002,0.005562096834182739,true,false
20,24,0.44999999999999996,0.5500000000000002,0.006121933460235596,true,false
21,24,0.5,0.5500000000000002,0.006618112325668335,true,false
22,24,0.55,0.5500000000000002,0.005380153656005859,true,false
23,24,0.6000000000000001,0.5500000000000002,0.005477856212800115,false,true
0,25,-0.55,0.6,-0.0041631768669392845,false,true
1,25,-0.5,0.6,-0.0049929022789001465,true,false
2,25,-0.45000000000000007,0.6,0.0007169842720031738,true,false
3,25,-0.4,0.6,0.0006033182144165039,true,false
4,25,-0.35000000000000003,0.6,0.0016308426856994629,true,false
5,25,-0.30000000000000004,0.6,0.0017715394496917725,true,false
6,25,-0.25,0.6,0.0017696917057037354,true,false
7,25,-0.2,0.6,0.0018627345561981201,true,false
8,25,-0.15000000000000002,0.6,0.0022456347942352295,true,false
9,25,-0.10000000000000003,0.6,0.0026828646659851074,true,false
10,25,-0.050000000000000044,0.6,0.003911912441253662,true,false
11,25,0.0,0.6,0.0016125142574310303,true,false
12,25,0.050000000000000044,0.6,0.0018858909606933594,true,false
13,25,0.09999999999999998,0.6,0.011087954044342041,true,false
14,25,0.15000000000000002,0.6,0.00777551531791687,true,false
15,25,0.19999999999999996,0.6,0.003677666187286377,true,false
16,25,0.25,0.6,0.004581660032272339,true,false
17,25,0.30000000000000004,0.6,0.005477041006088257,true,false
18,25,0.35,0.6,0.0059174299240112305,true,false
19,25,0.4,0.6,0.0058386921882629395,true,false
20,25,0.44999999999999996,0.6,0.0063931941986083984,true,false
21,25,0.5,0.6,0.006506174802780151,true,false
22,25,0.55,0.6,0.006529748439788818,true,false
23,25,0.6000000000000001,0.6,0.006760042959211925,false,true
0,26,-0.55,0.65,-0.003455606105615012,false,true
1,26,-0.5,0.65,-0.0032896697521209717,true,false
2,26,-0.45000000000000007,0.65,0.001393139362335205,true,false
3,26,-0.4,0.65,0.0023482441902160645,true,false
4,26,-0.35000000000000003,0.65,0.003261655569076538,true,false
5,26,-0.30000000000000004,0.65,0.0029826760292053223,true,false
6,26,-0.25,0.65,0.002743065357208252,true,false
7,26,-0.2,0.65,0.003011554479598999,true,false
8,26,-0.15000000000000002,0.65,0.00474172830581665,true,false
9,26,-0.10000000000000003,0.65,0.004426062107086182,true,false
10,26,-0.050000000000000044,0.65,0.2650070786476135,true,false
11,26,0.0,0.65,0.025007128715515137,true,false
12,26,0.050000000000000044,0.65,0.2650070786476135,true,false
13,26,0.09999999999999998,0.65,0.004778802394866943,true,false
14,26,0.15000000000000002,0.65,0.004277616739273071,true,false
15,26,0.19999999999999996,0.65,0.004542559385299683,true,false
16,26,0.25,0.65,0.0057742297649383545,true,false
17,26,0.30000000000000004,0.65,0.006606459617614746,true,false
18,26,0.35,0.65,0.007146626710891724,true,false
19,26,0.4,0.65,0.0071770548820495605,true,false
20,26,0.44999999999999996,0.65,0.00749090313911438,true,false
21,26,0.5,0.65,0.007247060537338257,true,false
22,26,0.55,0.65,0.008465617895126343,true,false
23,26,0.6000000000000001,0.65,0.008565214622815296,false,true
0,27,-0.55,0.7000000000000001,-0.002623811944796807,false,true
1,27,-0.5,0.7000000000000001,-0.0021529793739318848,true,false
2,27,-0.45000000000000007,0.7000000000000001,0.002073436975479126,true,false
3,27,-0.4,0.7000000000000001,0.005166202783584595,true,false
4,27,-0.35000000000000003,0.7000000000000001,0.0046749114990234375,true,false
5,27,-0.30000000000000004,0.7000000000000001,0.004542261362075806,true,false
6,27,-0.25,0.7000000000000001,0.004511088132858276,true,false
7,27,-0.2,0.7000000000000001,0.004698574542999268,true,false
8,27,-0.15000000000000002,0.7000000000000001,0.005624890327453613,true,false
9,27,-0.10000000000000003,0.7000000000000001,0.006267935037612915,true,false
10,27,-0.050000000000000044,0.7000000000000001,0.1957763135433197,true,false
11,27,0.0,0.7000000000000001,0.3550070524215698,true,false
12,27,0.050000000000000044,0.7000000000000001,0.05500704050064087,true,false
13,27,0.09999999999999998,0.7000000000000001,0.015853285789489746,true,false
14,27,0.15000000000000002,0.7000000000000001,0.0065490007400512695,true,false
15,27,0.19999999999999996,0.7000000000000001,0.0062220096588134766,true,false
16,27,0.25,0.7000000000000001,0.0068776607513427734,true,false
17,27,0.30000000000000004,0.7000000000000001,0.007578223943710327,true,false
18,27,0.35,0.7000000000000001,0.008151829242706299,true,false
19,27,0.4,0.7000000000000001,0.008642435073852539,true,false
20,27,0.44999999999999996,0.7000000000000001,0.009335428476333618,true,false
21,27,0.5,0.7000000000000001,0.010150700807571411,true,false
22,27,0.55,0.7000000000000001,0.01074153184890747,true,false
23,27,0.6000000000000001,0.7000000000000001,0.010604540521619965,false,true
0,28,-0.55,0.7500000000000001,0.0014270544052124023,false,true
1,28,-0.5,0.7500000000000001,0.003673731612651248,false,true
2,28,-0.45000000000000007,0.7500000000000001,0.006519585847854614,true,false
3,28,-0.4,0.7500000000000001,0.0073254406452178955,true,false
4,28,-0.35000000000000003,0.7500000000000001,0.006803274154663086,true,false
5,28,-0.30000000000000004,0.7500000000000001,0.00686722993850708,true,false
6,28,-0.25,0.7500000000000001,0.006382375955581665,true,false
7,28,-0.2,0.7500000000000001,0.0062191784381866455,true,false
8,28,-0.15000000000000002,0.7500000000000001,0.006615966558456421,true,false
9,28,-0.10000000000000003,0.7500000000000001,0.007235318422317505,true,false
10,28,-0.050000000000000044,0.7500000000000001,0.008315861225128174,true,false
11,28,0.0,0.7500000000000001,0.025724798440933228,true,false
12,28,0.050000000000000044,0.7500000000000001,0.042243897914886475,true,false
13,28,0.09999999999999998,0.7500000000000001,0.02500706911087036,true,false
14,28,0.15000000000000002,0.7500000000000001,0.02500706911087036,true,false
15,28,0.19999999999999996,0.7500000000000001,0.023976683616638184,true,false
16,28,0.25,0.7500000000000001,0.008006274700164795,true,false
17,28,0.30000000000000004,0.7500000000000001,0.008450806140899658,true,false
18,28,0.35,0.7500000000000001,0.00913304090499878,true,false
19,28,0.4,0.7500000000000001,0.009480774402618408,true,false
20,28,0.44999999999999996,0.7500000000000001,0.009823650121688843,true,false
21,28,0.5,0.7500000000000001,0.009971976280212402,true,false
22,28,0.55,0.7500000000000001,0.012549728155136108,true,false
23,28,0.6000000000000001,0.7500000000000001,0.01211210484727584,false,true
0,29,-0.55,0.8000000000000002,0.0056715940255684764,false,true
1,29,-0.5,0.8000000000000002,0.0050070881843566895,true,false
2,29,-0.45000000000000007,0.8000000000000002,0.007603943347930908,true,false
3,29,-0.4,0.8000000000000002,0.007866501808166504,true,false
4,29,-0.35000000000000003,0.8000000000000002,0.0070182085037231445,true,false
5,29,-0.30000000000000004,0.8000000000000002,0.0073268115520477295,true,false
6,29,-0.25,0.8000000000000002,0.007159203290939331,true,false
7,29,-0.2,0.8000000000000002,0.006942451000213623,true,false
8,29,-0.15000000000000002,0.8000000000000002,0.007279783487319946,true,false
9,29,-0.10000000000000003,0.8000000000000002,0.007923543453216553,true,false
10,29,-0.050000000000000044,0.8000000000000002,0.008090227842330933,true,false
11,29,0.0,0.8000000000000002,0.025007128715515137,true,false
12,29,0.050000000000000044,0.8000000000000002,0.025007128715515137,true,false
13,29,0.09999999999999998,0.8000000000000002,0.009152740240097046,true,false
14,29,0.15000000000000002,0.8000000000000002,0.02500706911087036,true,false
15,29,0.19999999999999996,0.8000000000000002,0.02500706911087036,true,false
16,29,0.25,0.8000000000000002,0.008469253778457642,true,false
17,29,0.30000000000000004,0.8000000000000002,0.008962839841842651,true,false
18,29,0.35,0.8000000000000002,0.009672820568084717,true,false
19,29,0.4,0.8000000000000002,0.009809285402297974,true,false
20,29,0.44999999999999996,0.8000000000000002,0.01001805067062378,true,false
21,29,0.5,0.8000000000000002,0.009276747703552246,true,false
22,29,0.55,0.8000000000000002,0.012863785028457642,true,false
23,29,0.6000000000000001,0.8000000000000002,0.01316630245102697,false,true
0,30,-0.55,0.85,0.006162158100600831,false,true
1,30,-0.5,0.85,0.006611347198486328,true,false
2,30,-0.45000000000000007,0.85,0.007597893476486206,true,false
3,30,-0.4,0.85,0.00784805417060852,true,false
4,30,-0.35000000000000003,0.85,0.0073966383934021,true,false
5,30,-0.30000000000000004,0.85,0.007318079471588135,true,false
6,30,-0.25,0.85,0.007077395915985107,true,false
7,30,-0.2,0.85,0.007208019495010376,true,false
8,30,-0.15000000000000002,0.85,0.007395118474960327,true,false
9,30,-0.10000000000000003,0.85,0.007782727479934692,true,false
10,30,-0.050000000000000044,0.85,0.00796288251876831,true,false
11,30,0.0,0.85,0.014713197946548462,true,false
12,30,0.050000000000000044,0.85,0.014644533395767212,true,false
13,30,0.09999999999999998,0.85,0.009425699710845947,true,false
14,30,0.15000000000000002,0.85,0.01852339506149292,true,false
15,30,0.19999999999999996,0.85,0.3850070834159851,true,false
16,30,0.25,0.85,0.008719563484191895,true,false
17,30,0.30000000000000004,0.85,0.009146302938461304,true,false
18,30,0.35,0.85,0.009830325841903687,true,false
19,30,0.4,0.85,0.010405242443084717,true,false
20,30,0.44999999999999996,0.85,0.01029902696609497,true,false
21,30,0.5,0.85,0.009580612182617188,true,false
22,30,0.55,0.85,0.014210700988769531,true,false
23,30,0.6000000000000001,0.85,0.014267386453240353,false,true
0,31,-0.55,0.9,0.006469953766912855,false,true
1,31,-0.5,0.9,0.006681978702545166,true,false
2,31,-0.45000000000000007,0.9,0.008660823106765747,true,false
3,31,-0.4,0.9,0.008679479360580444,true,false
4,31,-0.35000000000000003,0.9,0.007957905530929565,true,false
5,31,-0.30000000000000004,0.9,0.0076694488525390625,true,false
6,31,-0.25,0.9,0.00750279426574707,true,false
7,31,-0.2,0.9,0.00766223669052124,true,false
8,31,-0.15000000000000002,0.9,0.007808029651641846,true,false
9,31,-0.10000000000000003,0.9,0.00803801417350769,true,false
10,31,-0.050000000000000044,0.9,0.008244484663009644,true,false
11,31,0.0,0.9,0.00869286060333252,true,false
12,31,0.050000000000000044,0.9,0.008917272090911865,true,false
13,31,0.09999999999999998,0.9,0.009194374084472656,true,false
14,31,0.15000000000000002,0.9,0.4450070858001709,true,false
15,31,0.19999999999999996,0.9,0.43000707030296326,true,false
16,31,0.25,0.9,0.3250070810317993,true,false
17,31,0.30000000000000004,0.9,0.0098954439163208,true,false
18,31,0.35,0.9,0.010205954313278198,true,false
19,31,0.4,0.9,0.010548532009124756,true,false
20,31,0.44999999999999996,0.9,0.010455131530761719,true,false
21,31,0.5,0.9,0.01052004098892212,true,false
22,31,0.55,0.9,0.015751153230667114,true,false
23,31,0.6000000000000001,0.9,0.01588116143944882,false,true
0,32,-0.55,0.9500000000000001,0.0066654674567581335,false,true
1,32,-0.5,0.9500000000000001,0.006028711795806885,true,false
2,32,-0.45000000000000007,0.9500000000000001,0.009104430675506592,true,false
3,32,-0.4,0.9500000000000001,0.00865432620048523,true,false
4,32,-0.35000000000000003,0.9500000000000001,0.007878363132476807,true,false
5,32,-0.30000000000000004,0.9500000000000001,0.008087962865829468,true,false
6,32,-0.25,0.9500000000000001,0.008301198482513428,true,false
7,32,-0.2,0.9500000000000001,0.008139610290527344,true,false
8,32,-0.15000000000000002,0.9500000000000001,0.008375465869903564,true,false
9,32,-0.10000000000000003,0.9500000000000001,0.008357256650924683,true,false
10,32,-0.050000000000000044,0.9500000000000001,0.008228808641433716,true,false
11,32,0.0,0.9500000000000001,0.008569151163101196,true,false
12,32,0.050000000000000044,0.9500000000000001,0.008993029594421387,true,false
13,32,0.09999999999999998,0.9500000000000001,0.32339414954185486,true,false
14,32,0.15000000000000002,0.9500000000000001,0.3550070524215698,true,false
15,32,0.19999999999999996,0.9500000000000001,0.3550070524215698,true,false
16,32,0.25,0.9500000000000001,0.009737789630889893,true,false
17,32,0.30000000000000004,0.9500000000000001,0.010006606578826904,true,false
18,32,0.35,0.9500000000000001,0.010658174753189087,true,false
19,32,0.4,0.9500000000000001,0.010879307985305786,true,false
20,32,0.44999999999999996,0.9500000000000001,0.010910779237747192,true,false
21,32,0.5,0.9500000000000001,0.01123306155204773,true,false
22,32,0.55,0.9500000000000001,0.01773548126220703,true,false
23,32,0.6000000000000001,0.9500000000000001,0.017158247957619586,false,true
0,33,-0.55,1.0,0.007303292317480534,false,true
1,33,-0.5,1.0,0.007549464702606201,true,false
2,33,-0.45000000000000007,1.0,0.007984399795532227,true,false
3,33,-0.4,1.0,0.008676618337631226,true,false
4,33,-0.35000000000000003,1.0,0.00845646858215332,true,false
5,33,-0.30000000000000004,1.0,0.00904586911201477,true,false
6,33,-0.25,1.0,0.009240031242370605,true,false
7,33,-0.2,1.0,0.009511083364486694,true,false
8,33,-0.15000000000000002,1.0,0.010793894529342651,true,false
9,33,-0.10000000000000003,1.0,0.010772943496704102,true,false
10,33,-0.050000000000000044,1.0,0.016837656497955322,true,false
11,33,0.0,1.0,0.008937925100326538,true,false
12,33,0.050000000000000044,1.0,0.008526802062988281,true,false
13,33,0.09999999999999998,1.0,0.024768441915512085,true,false
14,33,0.15000000000000002,1.0,0.28113609552383423,true,false
15,33,0.19999999999999996,1.0,0.16684100031852722,true,false
16,33,0.25,1.0,0.009434282779693604,true,false
17,33,0.30000000000000004,1.0,0.01005282998085022,true,false
18,33,0.35,1.0,0.010663241147994995,true,false
19,33,0.4,1.0,0.010778486728668213,true,false
20,33,0.44999999999999996,1.0,0.010952740907669067,true,false
21,33,0.5,1.0,0.01174953579902649,true,false
22,33,0.55,1.0,0.017749011516571045,true,false
23,33,0.6000000000000001,1.0,0.015609925198078543,false,true
0,34,-0.55,1.0500000000000003,0.00821236200614456,false,true
1,34,-0.5,1.0500000000000003,0.008229732513427734,true,false
2,34,-0.45000000000000007,1.0500000000000003,0.00806516408920288,true,false
3,34,-0.4,1.0500000000000003,0.009519189596176147,true,false
4,34,-0.35000000000000003,1.0500000000000003,0.01063627004623413,true,false
5,34,-0.30000000000000004,1.0500000000000003,0.010889947414398193,true,false
6,34,-0.25,1.0500000000000003,0.010621488094329834,true,false
7,34,-0.2,1.0500000000000003,0.010729610919952393,true,false
8,34,-0.15000000000000002,1.0500000000000003,0.011142462491989136,true,false
9,34,-0.10000000000000003,1.0500000000000003,0.011338412761688232,true,false
10,34,-0.050000000000000044,1.0500000000000003,0.025007128715515137,true,false
11,34,0.0,1.0500000000000003,0.014098703861236572,true,false
12,34,0.050000000000000044,1.0500000000000003,0.008646547794342041,true,false
13,34,0.09999999999999998,1.0500000000000003,0.029082655906677246,true,false
14,34,0.15000000000000002,1.0500000000000003,0.025007128715515137,true,false
15,34,0.19999999999999996,1.0500000000000003,0.020097047090530396,true,false
16,34,0.25,1.0500000000000003,0.011260062456130981,true,false
17,34,0.30000000000000004,1.0500000000000003,0.011661022901535034,true,false
18,34,0.35,1.0500000000000003,0.011610686779022217,true,false
19,34,0.4,1.0500000000000003,0.011168092489242554,true,false
20,34,0.44999999999999996,1.0500000000000003,0.01069149374961853,true,false
21,34,0.5,1.0500000000000003,0.01216346025466919,true,false
22,34,0.55,1.0500000000000003,0.01045924425125122,true,false
23,34,0.6000000000000001,1.0500000000000003,0.01347876471909012,false,true
0,35,-0.55,1.1,0.009511300901495611,false,true
1,35,-0.5,1.1,0.008850693702697754,true,false
2,35,-0.45000000000000007,1.1,0.011400818824768066,true,false
3,35,-0.4,1.1,0.013807922601699829,true,false
4,35,-0.35000000000000003,1.1,0.014081776142120361,true,false
5,35,-0.30000000000000004,1.1,0.013880759477615356,true,false
6,35,-0.25,1.1,0.013692915439605713,true,false
7,35,-0.2,1.1,0.013296186923980713,true,false
8,35,-0.15000000000000002,1.1,0.014944404363632202,true,false
9,35,-0.10000000000000003,1.1,0.01865100860595703,true,false
10,35,-0.050000000000000044,1.1,0.0365833044052124,true,false
11,35,0.0,1.1,0.05500704050064087,true,false
12,35,0.050000000000000044,1.1,0.009407997131347656,true,false
13,35,0.09999999999999998,1.1,0.03422093391418457,true,false
14,35,0.15000000000000002,1.1,0.05500704050064087,true,false
15,35,0.19999999999999996,1.1,0.03458264470100403,true,false
16,35,0.25,1.1,0.014067888259887695,true,false
17,35,0.30000000000000004,1.1,0.014881253242492676,true,false
18,35,0.35,1.1,0.014870107173919678,true,false
19,35,0.4,1.1,0.01440688967704773,true,false
20,35,0.44999999999999996,1.1,0.016353517770767212,true,false
21,35,0.5,1.1,0.014728724956512451,true,false
22,35,0.55,1.1,0.013139982994310915,false,true
23,35,0.6000000000000001,1.1,0.01045924425125122,false,true
0,36,-0.55,1.15,0.010389208793640137,true,false
1,36,-0.5,1.15,0.010485559701919556,true,false
2,36,-0.45000000000000007,1.15,0.014266729354858398,true,false
3,36,-0.4,1.15,0.01611948013305664,true,false
4,36,-0.35000000000000003,1.15,0.015919893980026245,true,false
5,36,-0.30000000000000004,1.15,0.015276044607162476,true,false
6,36,-0.25,1.15,0.01512196660041809,true,false
7,36,-0.2,1.15,0.015281260013580322,true,false
8,36,-0.15000000000000002,1.15,0.015688806772232056,true,false
9,36,-0.10000000000000003,1.15,0.025007128715515137,true,false
10,36,-0.050000000000000044,1.15,0.05500704050064087,true,false
11,36,0.0,1.15,0.0668644905090332,true,false
12,36,0.050000000000000044,1.15,0.014309227466583252,true,false
13,36,0.09999999999999998,1.15,0.026446551084518433,true,false
14,36,0.15000000000000002,1.15,0.06862005591392517,true,false
15,36,0.19999999999999996,1.15,0.040007084608078,true,false
16,36,0.25,1.15,0.016400516033172607,true,false
17,36,0.30000000000000004,1.15,0.017577290534973145,true,false
18,36,0.35,1.15,0.018075942993164062,true,false
19,36,0.4,1.15,0.018136799335479736,true,false
20,36,0.44999999999999996,1.15,0.018495261669158936,true,false
21,36,0.5,1.15,0.01566082239151001,true,false
22,36,0.55,1.15,0.01557525300311958,false,true
23,36,0.6000000000000001,1.15,0.013671095523025109,false,true
0,37,-0.55,1.2000000000000002,0.012156695127487183,true,false
1,37,-0.5,1.2000000000000002,0.01194751262664795,true,false
2,37,-0.45000000000000007,1.2000000000000002,0.01529240608215332,true,false
3,37,-0.4,1.2000000000000002,0.016148239374160767,true,false
4,37,-0.35000000000000003,1.2000000000000002,0.01502370834350586,true,false
5,37,-0.30000000000000004,1.2000000000000002,0.014368176460266113,true,false
6,37,-0.25,1.2000000000000002,0.014612853527069092,true,false
7,37,-0.2,1.2000000000000002,0.015060365200042725,true,false
8,37,-0.15000000000000002,1.2000000000000002,0.015430152416229248,true,false
9,37,-0.10000000000000003,1.2000000000000002,0.025007128715515137,true,false
10,37,-0.050000000000000044,1.2000000000000002,0.05500704050064087,true,false
11,37,0.0,1.2000000000000002,0.05933254957199097,true,false
12,37,0.050000000000000044,1.2000000000000002,0.01723197102546692,true,false
13,37,0.09999999999999998,1.2000000000000002,0.025007128715515137,true,false
14,37,0.15000000000000002,1.2000000000000002,0.05500704050064087,true,false
15,37,0.19999999999999996,1.2000000000000002,0.0332617461681366,true,false
16,37,0.25,1.2000000000000002,0.018190205097198486,true,false
17,37,0.30000000000000004,1.2000000000000002,0.01825013756752014,true,false
18,37,0.35,1.2000000000000002,0.0190582275390625,true,false
19,37,0.4,1.2000000000000002,0.019395381212234497,true,false
20,37,0.44999999999999996,1.2000000000000002,0.01974049210548401,true,false
21,37,0.5,1.2000000000000002,0.01630076766014099,true,false
22,37,0.55,1.2000000000000002,0.016051566347363436,false,true
23,37,0.6000000000000001,1.2000000000000002,0.015960561942852423,false,true
0,38,-0.55,1.25,0.014497995376586914,true,false
1,38,-0.5,1.25,0.013540029525756836,true,false
2,38,-0.45000000000000007,1.25,0.014790862798690796,true,false
3,38,-0.4,1.25,0.015387296676635742,true,false
4,38,-0.35000000000000003,1.25,0.014281153678894043,true,false
5,38,-0.30000000000000004,1.25,0.013773918151855469,true,false
6,38,-0.25,1.25,0.013919264078140259,true,false
7,38,-0.2,1.25,0.014296114444732666,true,false
8,38,-0.15000000000000002,1.25,0.01429036259651184,true,false
9,38,-0.10000000000000003,1.25,0.020265251398086548,true,false
10,38,-0.050000000000000044,1.25,0.027190983295440674,true,false
11,38,0.0,1.25,0.025007128715515137,true,false
12,38,0.050000000000000044,1.25,0.016140758991241455,true,false
13,38,0.09999999999999998,1.25,0.016201496124267578,true,false
14,38,0.15000000000000002,1.25,0.025007128715515137,true,false
15,38,0.19999999999999996,1.25,0.01980629563331604,true,false
16,38,0.25,1.25,0.01769345998764038,true,false
17,38,0.30000000000000004,1.25,0.018365412950515747,true,false
18,38,0.35,1.25,0.01924920082092285,true,false
19,38,0.4,1.25,0.01938346028327942,true,false
20,38,0.44999999999999996,1.25,0.01892581582069397,true,false
21,38,0.5,1.25,0.01608988642692566,true,false
22,38,0.55,1.25,0.016217171219490106,false,true
23,38,0.6000000000000001,1.25,0.016270896507801835,false,true
0,39,-0.55,1.3000000000000003,0.01497378945350647,true,false
1,39,-0.5,1.3000000000000003,0.014597415924072266,true,false
2,39,-0.45000000000000007,1.3000000000000003,0.015592038631439209,true,false
3,39,-0.4,1.3000000000000003,0.014539003372192383,true,false
4,39,-0.35000000000000003,1.3000000000000003,0.013821959495544434,true,false
5,39,-0.30000000000000004,1.3000000000000003,0.013250410556793213,true,false
6,39,-0.25,1.3000000000000003,0.013105511665344238,true,false
7,39,-0.2,1.3000000000000003,0.013265460729598999,true,false
8,39,-0.15000000000000002,1.3000000000000003,0.013217240571975708,true,false
9,39,-0.10000000000000003,1.3000000000000003,0.013600558042526245,true,false
10,39,-0.050000000000000044,1.3000000000000003,0.01913657784461975,true,false
11,39,0.0,1.3000000000000003,0.014239609241485596,true,false
12,39,0.050000000000000044,1.3000000000000003,0.01580601930618286,true,false
13,39,0.09999999999999998,1.3000000000000003,0.016067326068878174,true,false
14,39,0.15000000000000002,1.3000000000000003,0.016515672206878662,true,false
15,39,0.19999999999999996,1.3000000000000003,0.016694247722625732,true,false
16,39,0.25,1.3000000000000003,0.017360687255859375,true,false
17,39,0.30000000000000004,1.3000000000000003,0.017963558435440063,true,false
18,39,0.35,1.3000000000000003,0.01884862780570984,true,false
19,39,0.4,1.3000000000000003,0.01887989044189453,true,false
20,39,0.44999999999999996,1.3000000000000003,0.018348485231399536,true,false
21,39,0.5,1.3000000000000003,0.0163135826587677,true,false
22,39,0.55,1.3000000000000003,0.016566205699613097,false,true
23,39,0.6000000000000001,1.3000000000000003,0.016415325253798255,false,true
0,40,-0.55,1.35,0.012508395476362165,false,true
1,40,-0.5,1.35,0.01116025447845459,true,false
2,40,-0.45000000000000007,1.35,0.014228641986846924,true,false
3,40,-0.4,1.35,0.014040082693099976,true,false
4,40,-0.35000000000000003,1.35,0.013655930757522583,true,false
5,40,-0.30000000000000004,1.35,0.013274967670440674,true,false
6,40,-0.25,1.35,0.013235390186309814,true,false
7,40,-0.2,1.35,0.01310393214225769,true,false
8,40,-0.15000000000000002,1.35,0.013127326965332031,true,false
9,40,-0.10000000000000003,1.35,0.013424336910247803,true,false
10,40,-0.050000000000000044,1.35,0.013928025960922241,true,false
11,40,0.0,1.35,0.014437556266784668,true,false
12,40,0.050000000000000044,1.35,0.015108704566955566,true,false
13,40,0.09999999999999998,1.35,0.015426605939865112,true,false
14,40,0.15000000000000002,1.35,0.016189366579055786,true,false
15,40,0.19999999999999996,1.35,0.01674535870552063,true,false
16,40,0.25,1.35,0.017182111740112305,true,false
17,40,0.30000000000000004,1.35,0.017611950635910034,true,false
18,40,0.35,1.35,0.018687307834625244,true,false
19,40,0.4,1.35,0.01851201057434082,true,false
20,40,0.44999999999999996,1.35,0.018021613359451294,true,false
21,40,0.5,1.35,0.01739978790283203,true,false
22,40,0.55,1.35,0.016400102115338162,false,true
23,40,0.6000000000000001,1.35,0.016255339755658873,false,true
0,41,-0.55,1.4000000000000004,0.011337578296661377,true,false
1,41,-0.5,1.4000000000000004,0.010495126247406006,true,false
2,41,-0.45000000000000007,1.4000000000000004,0.01416248083114624,true,false
3,41,-0.4,1.4000000000000004,0.014069586992263794,true,false
4,41,-0.35000000000000003,1.4000000000000004,0.013759911060333252,true,false
5,41,-0.30000000000000004,1.4000000000000004,0.01369541883468628,true,false
6,41,-0.25,1.4000000000000004,0.013384997844696045,true,false
7,41,-0.2,1.4000000000000004,0.013484299182891846,true,false
8,41,-0.15000000000000002,1.4000000000000004,0.013250201940536499,true,false
9,41,-0.10000000000000003,1.4000000000000004,0.013373702764511108,true,false
10,41,-0.050000000000000044,1.4000000000000004,0.013887256383895874,true,false
11,41,0.0,1.4000000000000004,0.014264076948165894,true,false
12,41,0.050000000000000044,1.4000000000000004,0.014973640441894531,true,false
13,41,0.09999999999999998,1.4000000000000004,0.015340685844421387,true,false
14,41,0.15000000000000002,1.4000000000000004,0.01587626338005066,true,false
15,41,0.19999999999999996,1.4000000000000004,0.016519516706466675,true,false
16,41,0.25,1.4000000000000004,0.016762256622314453,true,false
17,41,0.30000000000000004,1.4000000000000004,0.017147958278656006,true,false
18,41,0.35,1.4000000000000004,0.018068134784698486,true,false
19,41,0.4,1.4000000000000004,0.018137484788894653,true,false
20,41,0.44999999999999996,1.4000000000000004,0.017423003911972046,true,false
21,41,0.5,1.4000000000000004,0.015072852373123169,true,false
22,41,0.55,1.4000000000000004,0.015739748919325072,false,true
23,41,0.6000000000000001,1.4000000000000004,0.015217966360660282,false,true
0,42,-0.55,1.4500000000000002,0.007690638303756714,true,false
1,42,-0.5,1.4500000000000002,0.010591864585876465,true,false
2,42,-0.45000000000000007,1.4500000000000002,0.015425562858581543,true,false
3,42,-0.4,1.4500000000000002,0.014163315296173096,true,false
4,42,-0.35000000000000003,1.4500000000000002,0.013850092887878418,true,false
5,42,-0.30000000000000004,1.4500000000000002,0.01369825005531311,true,false
6,42,-0.25,1.4500000000000002,0.013433068990707397,true,false
7,42,-0.2,1.4500000000000002,0.01308467984199524,true,false
8,42,-0.15000000000000002,1.4500000000000002,0.013184607028961182,true,false
9,42,-0.10000000000000003,1.4500000000000002,0.013008832931518555,true,false
10,42,-0.050000000000000044,1.4500000000000002,0.013312935829162598,true,false
11,42,0.0,1.4500000000000002,0.013760536909103394,true,false
12,42,0.050000000000000044,1.4500000000000002,0.014322936534881592,true,false
13,42,0.09999999999999998,1.4500000000000002,0.014795780181884766,true,false
14,42,0.15000000000000002,1.4500000000000002,0.015393286943435669,true,false
15,42,0.19999999999999996,1.4500000000000002,0.016157597303390503,true,false
16,42,0.25,1.4500000000000002,0.01676011085510254,true,false
17,42,0.30000000000000004,1.4500000000000002,0.01736775040626526,true,false
18,42,0.35,1.4500000000000002,0.017940044403076172,true,false
19,42,0.4,1.4500000000000002,0.017956554889678955,true,false
20,42,0.44999999999999996,1.4500000000000002,0.017519116401672363,true,false
21,42,0.5,1.4500000000000002,0.015022844076156616,true,false
22,42,0.55,1.4500000000000002,0.015043860998338194,false,true
23,42,0.6000000000000001,1.4500000000000002,0.013983398675918579,false,true
0,43,-0.55,1.5,0.008892365577323987,false,true
1,43,-0.5,1.5,0.013075888441283576,false,true
2,43,-0.45000000000000007,1.5,0.015708059072494507,true,false
3,43,-0.4,1.5,0.014228850603103638,true,false
4,43,-0.35000000000000003,1.5,0.01407042145729065,true,false
5,43,-0.30000000000000004,1.5,0.013769924640655518,true,false
6,43,-0.25,1.5,0.013677120208740234,true,false
7,43,-0.2,1.5,0.013458490371704102,true,false
8,43,-0.15000000000000002,1.5,0.013446271419525146,true,false
9,43,-0.10000000000000003,1.5,0.013365834951400757,true,false
10,43,-0.050000000000000044,1.5,0.013401269912719727,true,false
11,43,0.0,1.5,0.013701409101486206,true,false
12,43,0.050000000000000044,1.5,0.013947725296020508,true,false
13,43,0.09999999999999998,1.5,0.014603495597839355,true,false
14,43,0.15000000000000002,1.5,0.014989912509918213,true,false
15,43,0.19999999999999996,1.5,0.01544719934463501,true,false
16,43,0.25,1.5,0.015784233808517456,true,false
17,43,0.30000000000000004,1.5,0.01712697744369507,true,false
18,43,0.35,1.5,0.017886757850646973,true,false
19,43,0.4,1.5,0.017670094966888428,true,false
20,43,0.44999999999999996,1.5,0.017313390970230103,true,false
21,43,0.5,1.5,0.016544312238693237,true,false
22,43,0.55,1.5,0.013983398675918579,true,false
23,43,0.6000000000000001,1.5,0.014564788822742867,false,true
0,44,-0.55,1.5500000000000003,0.01570531725883484,false,true
1,44,-0.5,1.5500000000000003,0.01598132840167223,false,true
2,44,-0.45000000000000007,1.5500000000000003,0.015901952981948853,true,false
3,44,-0.4,1.5500000000000003,0.014600753784179688,true,false
4,44,-0.35000000000000003,1.5500000000000003,0.014391273260116577,true,false
5,44,-0.30000000000000004,1.5500000000000003,0.01424059271812439,true,false
6,44,-0.25,1.5500000000000003,0.014182448387145996,true,false
7,44,-0.2,1.5500000000000003,0.014001965522766113,true,false
8,44,-0.15000000000000002,1.5500000000000003,0.013934016227722168,true,false
9,44,-0.10000000000000003,1.5500000000000003,0.013823837041854858,true,false
10,44,-0.050000000000000044,1.5500000000000003,0.014025181531906128,true,false
11,44,0.0,1.5500000000000003,0.0140724778175354,true,false
12,44,0.050000000000000044,1.5500000000000003,0.014499157667160034,true,false
13,44,0.09999999999999998,1.5500000000000003,0.014956265687942505,true,false
14,44,0.15000000000000002,1.5500000000000003,0.015197306871414185,true,false
15,44,0.19999999999999996,1.5500000000000003,0.015570759773254395,true,false
16,44,0.25,1.5500000000000003,0.01591593027114868,true,false
17,44,0.30000000000000004,1.5500000000000003,0.016909509897232056,true,false
18,44,0.35,1.5500000000000003,0.017853498458862305,true,false
19,44,0.4,1.5500000000000003,0.017635315656661987,true,false
20,44,0.44999999999999996,1.5500000000000003,0.01768481731414795,true,false
21,44,0.5,1.5500000000000003,0.01722925901412964,true,false
22,44,0.55,1.5500000000000003,0.015386998653411865,true,false
23,44,0.6000000000000001,1.5500000000000003,0.015345903001005239,false,true
0,45,-0.55,1.6,0.01634262810899722,false,true
1,45,-0.5,1.6,0.01570531725883484,true,false
2,45,-0.45000000000000007,1.6,0.016757190227508545,true,false
3,45,-0.4,1.6,0.015428513288497925,true,false
4,45,-0.35000000000000003,1.6,0.015097469091415405,true,false
5,45,-0.30000000000000004,1.6,0.014714032411575317,true,false
6,45,-0.25,1.6,0.014565140008926392,true,false
7,45,-0.2,1.6,0.014423847198486328,true,false
8,45,-0.15000000000000002,1.6,0.014522165060043335,true,false
9,45,-0.10000000000000003,1.6,0.014400005340576172,true,false
10,45,-0.050000000000000044,1.6,0.014376074075698853,true,false
11,45,0.0,1.6,0.014652788639068604,true,false
12,45,0.050000000000000044,1.6,0.015017867088317871,true,false
13,45,0.09999999999999998,1.6,0.015227794647216797,true,false
14,45,0.15000000000000002,1.6,0.01547345519065857,true,false
15,45,0.19999999999999996,1.6,0.015999436378479004,true,false
16,45,0.25,1.6,0.01609402894973755,true,false
17,45,0.30000000000000004,1.6,0.01764550805091858,true,false
18,45,0.35,1.6,0.018304526805877686,true,false
19,45,0.4,1.6,0.017850399017333984,true,false
20,45,0.44999999999999996,1.6,0.01718759536743164,true,false
21,45,0.5,1.6,0.017130672931671143,true,false
22,45,0.55,1.6,0.016650289297103882,true,false
23,45,0.6000000000000001,1.6,0.016372509571841342,false,true
0,46,-0.55,1.6500000000000004,0.017379804513969095,false,true
1,46,-0.5,1.6500000000000004,0.017243921756744385,true,false
2,46,-0.45000000000000007,1.6500000000000004,0.01731666922569275,true,false
3,46,-0.4,1.6500000000000004,0.016201823949813843,true,false
4,46,-0.35000000000000003,1.6500000000000004,0.015984952449798584,true,false
5,46,-0.30000000000000004,1.6500000000000004,0.015574038028717041,true,false
6,46,-0.25,1.6500000000000004,0.015447407960891724,true,false
7,46,-0.2,1.6500000000000004,0.015155434608459473,true,false
8,46,-0.15000000000000002,1.6500000000000004,0.015336334705352783,true,false
9,46,-0.10000000000000003,1.6500000000000004,0.015305966138839722,true,false
10,46,-0.050000000000000044,1.6500000000000004,0.0151558518409729,true,false
11,46,0.0,1.6500000000000004,0.015438973903656006,true,false
12,46,0.050000000000000044,1.6500000000000004,0.015464842319488525,true,false
13,46,0.09999999999999998,1.6500000000000004,0.015699714422225952,true,false
14,46,0.15000000000000002,1.6500000000000004,0.0163554847240448,true,false
15,46,0.19999999999999996,1.6500000000000004,0.01646476984024048,true,false
16,46,0.25,1.6500000000000004,0.01689395308494568,true,false
17,46,0.30000000000000004,1.6500000000000004,0.01786854863166809,true,false
18,46,0.35,1.6500000000000004,0.01879456639289856,true,false
19,46,0.4,1.6500000000000004,0.018472373485565186,true,false
20,46,0.44999999999999996,1.6500000000000004,0.017567068338394165,true,false
21,46,0.5,1.6500000000000004,0.01693156361579895,true,false
22,46,0.55,1.6500000000000004,0.01696518063545227,true,false
23,46,0.6000000000000001,1.6500000000000004,0.01704213460138617,false,true
0,47,-0.55,1.7000000000000002,0.019190637703707453,false,true
1,47,-0.5,1.7000000000000002,0.019246459007263184,true,false
2,47,-0.45000000000000007,1.7000000000000002,0.01792806386947632,true,false
3,47,-0.4,1.7000000000000002,0.017231345176696777,true,false
4,47,-0.35000000000000003,1.7000000000000002,0.016907572746276855,true,false
5,47,-0.30000000000000004,1.7000000000000002,0.016434818506240845,true,false
6,47,-0.25,1.7000000000000002,0.01617330312728882,true,false
7,47,-0.2,1.7000000000000002,0.016245901584625244,true,false
8,47,-0.15000000000000002,1.7000000000000002,0.016672343015670776,true,false
9,47,-0.10000000000000003,1.7000000000000002,0.01700034737586975,true,false
10,47,-0.050000000000000044,1.7000000000000002,0.016981512308120728,true,false
11,47,0.0,1.7000000000000002,0.017064213752746582,true,false
12,47,0.050000000000000044,1.7000000000000002,0.016881108283996582,true,false
13,47,0.09999999999999998,1.7000000000000002,0.017198562622070312,true,false
14,47,0.15000000000000002,1.7000000000000002,0.017499595880508423,true,false
15,47,0.19999999999999996,1.7000000000000002,0.017682313919067383,true,false
16,47,0.25,1.7000000000000002,0.017666101455688477,true,false
17,47,0.30000000000000004,1.7000000000000002,0.01854759454727173,true,false
18,47,0.35,1.7000000000000002,0.019100725650787354,true,false
19,47,0.4,1.7000000000000002,0.019017070531845093,true,false
20,47,0.44999999999999996,1.7000000000000002,0.01839512586593628,true,false
21,47,0.5,1.7000000000000002,0.018065989017486572,true,false
22,47,0.55,1.7000000000000002,0.01754280924797058,true,false
23,47,0.6000000000000001,1.7000000000000002,0.017715850924544273,false,true
0,48,-0.55,1.7500000000000004,0.020983411713360392,false,true
1,48,-0.5,1.7500000000000004,0.02105841040611267,true,false
2,48,-0.45000000000000007,1.7500000000000004,0.019089847803115845,true,false
3,48,-0.4,1.7500000000000004,0.018600016832351685,true,false
4,48,-0.35000000000000003,1.7500000000000004,0.018258363008499146,true,false
5,48,-0.30000000000000004,1.7500000000000004,0.01760154962539673,true,false
6,48,-0.25,1.7500000000000004,0.016919851303100586,true,false
7,48,-0.2,1.7500000000000004,0.01707795262336731,true,false
8,48,-0.15000000000000002,1.7500000000000004,0.01750388741493225,true,false
9,48,-0.10000000000000003,1.7500000000000004,0.017848730087280273,true,false
10,48,-0.050000000000000044,1.7500000000000004,0.017829865217208862,true,false
11,48,0.0,1.7500000000000004,0.018364399671554565,true,false
12,48,0.050000000000000044,1.7500000000000004,0.01821345090866089,true,false
13,48,0.09999999999999998,1.7500000000000004,0.01816272735595703,true,false
14,48,0.15000000000000002,1.7500000000000004,0.018266916275024414,true,false
15,48,0.19999999999999996,1.7500000000000004,0.018951356410980225,true,false
16,48,0.25,1.7500000000000004,0.018853098154067993,true,false
17,48,0.30000000000000004,1.7500000000000004,0.0193021297454834,true,false
18,48,0.35,1.7500000000000004,0.01997905969619751,true,false
19,48,0.4,1.7500000000000004,0.019688934087753296,true,false
20,48,0.44999999999999996,1.7500000000000004,0.01911953091621399,true,false
21,48,0.5,1.7500000000000004,0.01885509490966797,true,false
22,48,0.55,1.7500000000000004,0.018711239099502563,true,false
23,48,0.6000000000000001,1.7500000000000004,0.01863296706995069,false,true
0,49,-0.55,1.8000000000000003,0.022657150411938286,false,true
1,49,-0.5,1.8000000000000003,0.02261430025100708,true,false
2,49,-0.45000000000000007,1.8000000000000003,0.020132780075073242,true,false
3,49,-0.4,1.8000000000000003,0.019186049699783325,true,false
4,49,-0.35000000000000003,1.8000000000000003,0.01886233687400818,true,false
5,49,-0.30000000000000004,1.8000000000000003,0.01853078603744507,true,false
6,49,-0.25,1.8000000000000003,0.017879098653793335,true,false
7,49,-0.2,1.8000000000000003,0.017638862133026123,true,false
8,49,-0.15000000000000002,1.8000000000000003,0.017851173877716064,true,false
9,49,-0.10000000000000003,1.8000000000000003,0.018025219440460205,true,false
10,49,-0.050000000000000044,1.8000000000000003,0.01829800009727478,true,false
11,49,0.0,1.8000000000000003,0.01846054196357727,true,false
12,49,0.050000000000000044,1.8000000000000003,0.018504351377487183,true,false
13,49,0.09999999999999998,1.8000000000000003,0.018705517053604126,true,false
14,49,0.15000000000000002,1.8000000000000003,0.019065380096435547,true,false
15,49,0.19999999999999996,1.8000000000000003,0.01934674382209778,true,false
16,49,0.25,1.8000000000000003,0.019650936126708984,true,false
17,49,0.30000000000000004,1.8000000000000003,0.02020031213760376,true,false
18,49,0.35,1.8000000000000003,0.020733267068862915,true,false
19,49,0.4,1.8000000000000003,0.0203152596950531,true,false
20,49,0.44999999999999996,1.8000000000000003,0.01992565393447876,true,false
21,49,0.5,1.8000000000000003,0.019942015409469604,true,false
22,49,0.55,1.8000000000000003,0.019612431526184082,true,false
23,49,0.6000000000000001,1.8000000000000003,0.02017044379708432,false,true
0,50,-0.55,1.85,0.024020213436097913,false,true
1,50,-0.5,1.85,0.024316489696502686,true,false
2,50,-0.45000000000000007,1.85,0.021410465240478516,true,false
3,50,-0.4,1.85,0.02012079954147339,true,false
4,50,-0.35000000000000003,1.85,0.019421935081481934,true,false
5,50,-0.30000000000000004,1.85,0.01893705129623413,true,false
6,50,-0.25,1.85,0.01865100860595703,true,false
7,50,-0.2,1.85,0.01865088939666748,true,false
8,50,-0.15000000000000002,1.85,0.018825888633728027,true,false
9,50,-0.10000000000000003,1.85,0.01859217882156372,true,false
10,50,-0.050000000000000044,1.85,0.01895350217819214,true,false
11,50,0.0,1.85,0.01910543441772461,true,false
12,50,0.050000000000000044,1.85,0.018979370594024658,true,false
13,50,0.09999999999999998,1.85,0.019181132316589355,true,false
14,50,0.15000000000000002,1.85,0.019722342491149902,true,false
15,50,0.19999999999999996,1.85,0.01987510919570923,true,false
16,50,0.25,1.85,0.020271897315979004,true,false
17,50,0.30000000000000004,1.85,0.021212399005889893,true,false
18,50,0.35,1.85,0.021584630012512207,true,false
19,50,0.4,1.85,0.02123880386352539,true,false
20,50,0.44999999999999996,1.85,0.02060753107070923,true,false
21,50,0.5,1.85,0.020357191562652588,true,false
22,50,0.55,1.85,0.0224187970161438,true,false
23,50,0.6000000000000001,1.85,0.021555098732652225,false,true
0,51,-0.55,1.9000000000000004,0.024908387419843143,false,true
1,51,-0.5,1.9000000000000004,0.025007128715515137,true,false
2,51,-0.45000000000000007,1.9000000000000004,0.022282332181930542,true,false
3,51,-0.4,1.9000000000000004,0.0210019052028656,true,false
4,51,-0.35000000000000003,1.9000000000000004,0.020263582468032837,true,false
5,51,-0.30000000000000004,1.9000000000000004,0.01966676115989685,true,false
6,51,-0.25,1.9000000000000004,0.019730806350708008,true,false
7,51,-0.2,1.9000000000000004,0.019797205924987793,true,false
8,51,-0.15000000000000002,1.9000000000000004,0.020089298486709595,true,false
9,51,-0.10000000000000003,1.9000000000000004,0.020327329635620117,true,false
10,51,-0.050000000000000044,1.9000000000000004,0.020611315965652466,true,false
11,51,0.0,1.9000000000000004,0.02061593532562256,true,false
12,51,0.050000000000000044,1.9000000000000004,0.020287394523620605,true,false
13,51,0.09999999999999998,1.9000000000000004,0.0202481746673584,true,false
14,51,0.15000000000000002,1.9000000000000004,0.020760178565979004,true,false
15,51,0.19999999999999996,1.9000000000000004,0.020860910415649414,true,false
16,51,0.25,1.9000000000000004,0.021682322025299072,true,false
17,51,0.30000000000000004,1.9000000000000004,0.022193819284439087,true,false
18,51,0.35,1.9000000000000004,0.022444605827331543,true,false
19,51,0.4,1.9000000000000004,0.021980106830596924,true,false
20,51,0.44999999999999996,1.9000000000000004,0.021862775087356567,true,false
21,51,0.5,1.9000000000000004,0.02240610122680664,true,false
22,51,0.55,1.9000000000000004,0.022276312112808228,true,false
23,51,0.6000000000000001,1.9000000000000004,0.022358555791010273,false,true
0,52,-0.55,1.9500000000000002,0.02560698209786816,false,true
1,52,-0.5,1.9500000000000002,0.02536064386367798,true,false
2,52,-0.45000000000000007,1.9500000000000002,0.023226618766784668,true,false
3,52,-0.4,1.9500000000000002,0.022044122219085693,true,false
4,52,-0.35000000000000003,1.9500000000000002,0.021244406700134277,true,false
5,52,-0.30000000000000004,1.9500000000000002,0.02108597755432129,true,false
6,52,-0.25,1.9500000000000002,0.021304458379745483,true,false
7,52,-0.2,1.9500000000000002,0.021692097187042236,true,false
8,52,-0.15000000000000002,1.9500000000000002,0.021862179040908813,true,false
9,52,-0.10000000000000003,1.9500000000000002,0.021971583366394043,true,false
10,52,-0.050000000000000044,1.9500000000000002,0.02192440629005432,true,false
11,52,0.0,1.9500000000000002,0.021931320428848267,true,false
12,52,0.050000000000000044,1.9500000000000002,0.02209460735321045,true,false
13,52,0.09999999999999998,1.9500000000000002,0.022134602069854736,true,false
14,52,0.15000000000000002,1.9500000000000002,0.022015750408172607,true,false
15,52,0.19999999999999996,1.9500000000000002,0.022148102521896362,true,false
16,52,0.25,1.9500000000000002,0.022273540496826172,true,false
17,52,0.30000000000000004,1.9500000000000002,0.022509098052978516,true,false
18,52,0.35,1.9500000000000002,0.02325206995010376,true,false
19,52,0.4,1.9500000000000002,0.023110032081604004,true,false
20,52,0.44999999999999996,1.9500000000000002,0.022680073976516724,true,false
21,52,0.5,1.9500000000000002,0.023328781127929688,true,false
22,52,0.55,1.9500000000000002,0.02241462469100952,true,false
23,52,0.6000000000000001,1.9500000000000002,0.02262006803745012,false,true
0,53,-0.55,2.0000000000000004,0.025939089806177356,false,true
1,53,-0.5,2.0000000000000004,0.02655521035194397,true,false
2,53,-0.45000000000000007,2.0000000000000004,0.02412635087966919,true,false
3,53,-0.4,2.0000000000000004,0.02257406711578369,true,false
4,53,-0.35000000000000003,2.0000000000000004,0.022305935621261597,true,false
5,53,-0.30000000000000004,2.0000000000000004,0.022389233112335205,true,false
6,53,-0.25,2.0000000000000004,0.022906899452209473,true,false
7,53,-0.2,2.0000000000000004,0.023090064525604248,true,false
8,53,-0.15000000000000002,2.0000000000000004,0.02387523651123047,true,false
9,53,-0.10000000000000003,2.0000000000000004,0.023775756359100342,true,false
10,53,-0.050000000000000044,2.0000000000000004,0.023722529411315918,true,false
11,53,0.0,2.0000000000000004,0.023841410875320435,true,false
12,53,0.050000000000000044,2.0000000000000004,0.02391532063484192,true,false
13,53,0.09999999999999998,2.0000000000000004,0.02341163158416748,true,false
14,53,0.15000000000000002,2.0000000000000004,0.023321807384490967,true,false
15,53,0.19999999999999996,2.0000000000000004,0.023273557424545288,true,false
16,53,0.25,2.0000000000000004,0.023352235555648804,true,false
17,53,0.30000000000000004,2.0000000000000004,0.02375870943069458,true,false
18,53,0.35,2.0000000000000004,0.025007128715515137,true,false
19,53,0.4,2.0000000000000004,0.024372756481170654,true,false
20,53,0.44999999999999996,2.0000000000000004,0.024064570665359497,true,false
21,53,0.5,2.0000000000000004,0.0239982008934021,true,false
22,53,0.55,2.0000000000000004,0.023254364728927612,true,false
23,53,0.6000000000000001,2.0000000000000004,0.02325090808526724,false,true
0,54,-0.55,2.0500000000000003,0.025658325468292557,false,true
1,54,-0.5,2.0500000000000003,0.025646209716796875,true,false
2,54,-0.45000000000000007,2.0500000000000003,0.02356240153312683,true,false
3,54,-0.4,2.0500000000000003,0.023151040077209473,true,false
4,54,-0.35000000000000003,2.0500000000000003,0.02308592200279236,true,false
5,54,-0.30000000000000004,2.0500000000000003,0.023524969816207886,true,false
6,54,-0.25,2.0500000000000003,0.024361014366149902,true,false
7,54,-0.2,2.0500000000000003,0.025007128715515137,true,false
8,54,-0.15000000000000002,2.0500000000000003,0.025007128715515137,true,false
9,54,-0.10000000000000003,2.0500000000000003,0.025007128715515137,true,false
10,54,-0.050000000000000044,2.0500000000000003,0.025007128715515137,true,false
11,54,0.0,2.0500000000000003,0.025007128715515137,true,false
12,54,0.050000000000000044,2.0500000000000003,0.024755626916885376,true,false
13,54,0.09999999999999998,2.0500000000000003,0.024413347244262695,true,false
14,54,0.15000000000000002,2.0500000000000003,0.024238914251327515,true,false
15,54,0.19999999999999996,2.0500000000000003,0.02447807788848877,true,false
16,54,0.25,2.0500000000000003,0.02440822124481201,true,false
17,54,0.30000000000000004,2.0500000000000003,0.02479490637779236,true,false
18,54,0.35,2.0500000000000003,0.025155246257781982,true,false
19,54,0.4,2.0500000000000003,0.025007128715515137,true,false
20,54,0.44999999999999996,2.0500000000000003,0.02484840154647827,true,false
21,54,0.5,2.0500000000000003,0.025007128715515137,true,false
22,54,0.55,2.0500000000000003,0.024082303047180176,true,false
23,54,0.6000000000000001,2.0500000000000003,0.024110663237211852,false,true
0,55,-0.55,2.1,0.024734824895858765,true,false
1,55,-0.5,2.1,0.026084601879119873,true,false
2,55,-0.45000000000000007,2.1,0.0244215726852417,true,false
3,55,-0.4,2.1,0.02387624979019165,true,false
4,55,-0.35000000000000003,2.1,0.02410590648651123,true,false
5,55,-0.30000000000000004,2.1,0.02475559711456299,true,false
6,55,-0.25,2.1,0.025007128715515137,true,false
7,55,-0.2,2.1,0.025550156831741333,true,false
8,55,-0.15000000000000002,2.1,0.025858402252197266,true,false
9,55,-0.10000000000000003,2.1,0.026114195585250854,true,false
10,55,-0.050000000000000044,2.1,0.026164919137954712,true,false
11,55,0.0,2.1,0.025595515966415405,true,false
12,55,0.050000000000000044,2.1,0.025398671627044678,true,false
13,55,0.09999999999999998,2.1,0.025007128715515137,true,false
14,55,0.15000000000000002,2.1,0.025007128715515137,true,false
15,55,0.19999999999999996,2.1,0.025007128715515137,true,false
16,55,0.25,2.1,0.025007128715515137,true,false
17,55,0.30000000000000004,2.1,0.025421738624572754,true,false
18,55,0.35,2.1,0.02576082944869995,true,false
19,55,0.4,2.1,0.025812119245529175,true,false
20,55,0.44999999999999996,2.1,0.02562287449836731,true,false
21,55,0.5,2.1,0.026397496461868286,true,false
22,55,0.55,2.1,0.02500706911087036,true,false
23,55,0.6000000000000001,2.1,0.024624018465267503,false,true
0,56,-0.55,2.1500000000000004,0.023678451776504517,true,false
1,56,-0.5,2.1500000000000004,0.026802122592926025,true,false
2,56,-0.45000000000000007,2.1500000000000004,0.024996548891067505,true,false
3,56,-0.4,2.1500000000000004,0.025007128715515137,true,false
4,56,-0.35000000000000003,2.1500000000000004,0.025007128715515137,true,false
5,56,-0.30000000000000004,2.1500000000000004,0.025126636028289795,true,false
6,56,-0.25,2.1500000000000004,0.025344133377075195,true,false
7,56,-0.2,2.1500000000000004,0.02570536732673645,true,false
8,56,-0.15000000000000002,2.1500000000000004,0.02649572491645813,true,false
9,56,-0.10000000000000003,2.1500000000000004,0.02668994665145874,true,false
10,56,-0.050000000000000044,2.1500000000000004,0.02671647071838379,true,false
11,56,0.0,2.1500000000000004,0.026578158140182495,true,false
12,56,0.050000000000000044,2.1500000000000004,0.02671724557876587,true,false
13,56,0.09999999999999998,2.1500000000000004,0.02657461166381836,true,false
14,56,0.15000000000000002,2.1500000000000004,0.02635285258293152,true,false
15,56,0.19999999999999996,2.1500000000000004,0.02622261643409729,true,false
16,56,0.25,2.1500000000000004,0.02652043104171753,true,false
17,56,0.30000000000000004,2.1500000000000004,0.02674967050552368,true,false
18,56,0.35,2.1500000000000004,0.027316808700561523,true,false
19,56,0.4,2.1500000000000004,0.026975423097610474,true,false
20,56,0.44999999999999996,2.1500000000000004,0.02689221501350403,true,false
21,56,0.5,2.1500000000000004,0.027346044778823853,true,false
22,56,0.55,2.1500000000000004,0.026529672114601204,false,true
23,56,0.6000000000000001,2.1500000000000004,0.02500706911087036,false,true
0,57,-0.55,2.2,0.025007128715515137,true,false
1,57,-0.5,2.2,0.026890486478805542,true,false
2,57,-0.45000000000000007,2.2,0.025007128715515137,true,false
3,57,-0.4,2.2,0.02536231279373169,true,false
4,57,-0.35000000000000003,2.2,0.02561330795288086,true,false
5,57,-0.30000000000000004,2.2,0.026038706302642822,true,false
6,57,-0.25,2.2,0.026472270488739014,true,false
7,57,-0.2,2.2,0.0264742374420166,true,false
8,57,-0.15000000000000002,2.2,0.02690151333808899,true,false
9,57,-0.10000000000000003,2.2,0.027192115783691406,true,false
10,57,-0.050000000000000044,2.2,0.02726098895072937,true,false
11,57,0.0,2.2,0.027285724878311157,true,false
12,57,0.050000000000000044,2.2,0.027354776859283447,true,false
13,57,0.09999999999999998,2.2,0.027271628379821777,true,false
14,57,0.15000000000000002,2.2,0.027421653270721436,true,false
15,57,0.19999999999999996,2.2,0.027769148349761963,true,false
16,57,0.25,2.2,0.027572304010391235,true,false
17,57,0.30000000000000004,2.2,0.028137385845184326,true,false
18,57,0.35,2.2,0.028334736824035645,true,false
19,57,0.4,2.2,0.02810192108154297,true,false
20,57,0.44999999999999996,2.2,0.027802467346191406,true,false
21,57,0.5,2.2,0.027660608291625977,true,false
22,57,0.55,2.2,0.027646842819271423,false,true
23,57,0.6000000000000001,2.2,0.02729650969551902,false,true
0,58,-0.55,2.2500000000000004,0.02532827854156494,true,false
1,58,-0.5,2.2500000000000004,0.026460915803909302,true,false
2,58,-0.45000000000000007,2.2500000000000004,0.025209039449691772,true,false
3,58,-0.4,2.2500000000000004,0.025483131408691406,true,false
4,58,-0.35000000000000003,2.2500000000000004,0.025985360145568848,true,false
5,58,-0.30000000000000004,2.2500000000000004,0.02648964524269104,true,false
6,58,-0.25,2.2500000000000004,0.027041226625442505,true,false
7,58,-0.2,2.2500000000000004,0.02718016505241394,true,false
8,58,-0.15000000000000002,2.2500000000000004,0.027413010597229004,true,false
9,58,-0.10000000000000003,2.2500000000000004,0.027714401483535767,true,false
10,58,-0.050000000000000044,2.2500000000000004,0.027609825134277344,true,false
11,58,0.0,2.2500000000000004,0.027928590774536133,true,false
12,58,0.050000000000000044,2.2500000000000004,0.02774679660797119,true,false
13,58,0.09999999999999998,2.2500000000000004,0.028199076652526855,true,false
14,58,0.15000000000000002,2.2500000000000004,0.02822732925415039,true,false
15,58,0.19999999999999996,2.2500000000000004,0.028626173734664917,true,false
16,58,0.25,2.2500000000000004,0.028736650943756104,true,false
17,58,0.30000000000000004,2.2500000000000004,0.029454350471496582,true,false
18,58,0.35,2.2500000000000004,0.029714733362197876,true,false
19,58,0.4,2.2500000000000004,0.029197126626968384,true,false
20,58,0.44999999999999996,2.2500000000000004,0.028555572032928467,true,false
21,58,0.5,2.2500000000000004,0.027928173542022705,true,false
22,58,0.55,2.2500000000000004,0.028617431994300207,false,true
23,58,0.6000000000000001,2.2500000000000004,0.028843820095062252,false,true
0,59,-0.55,2.3000000000000003,0.02706428206513186,false,true
1,59,-0.5,2.3000000000000003,0.02818119525909424,true,false
2,59,-0.45000000000000007,2.3000000000000003,0.025007128715515137,true,false
3,59,-0.4,2.3000000000000003,0.025007128715515137,true,false
4,59,-0.35000000000000003,2.3000000000000003,0.025007128715515137,true,false
5,59,-0.30000000000000004,2.3000000000000003,0.02539271116256714,true,false
6,59,-0.25,2.3000000000000003,0.026674389839172363,true,false
7,59,-0.2,2.3000000000000003,0.027223706245422363,true,false
8,59,-0.15000000000000002,2.3000000000000003,0.027313053607940674,true,false
9,59,-0.10000000000000003,2.3000000000000003,0.027627915143966675,true,false
10,59,-0.050000000000000044,2.3000000000000003,0.02796754240989685,true,false
11,59,0.0,2.3000000000000003,0.0280894935131073,true,false
12,59,0.050000000000000044,2.3000000000000003,0.028374075889587402,true,false
13,59,0.09999999999999998,2.3000000000000003,0.029084742069244385,true,false
14,59,0.15000000000000002,2.3000000000000003,0.02906319499015808,true,false
15,59,0.19999999999999996,2.3000000000000003,0.029224038124084473,true,false
16,59,0.25,2.3000000000000003,0.02962055802345276,true,false
17,59,0.30000000000000004,2.3000000000000003,0.030027538537979126,true,false
18,59,0.35,2.3000000000000003,0.030488193035125732,true,false
19,59,0.4,2.3000000000000003,0.030214250087738037,true,false
20,59,0.44999999999999996,2.3000000000000003,0.02996683120727539,true,false
21,59,0.5,2.3000000000000003,0.030228853225708008,true,false
22,59,0.55,2.3000000000000003,0.028843820095062256,true,false
23,59,0.6000000000000001,2.3000000000000003,0.029785880261628043,false,true
0,60,-0.55,2.35,0.028393237652522812,false,true
1,60,-0.5,2.35,0.028543174266815186,true,false
2,60,-0.45000000000000007,2.35,0.026416420936584473,true,false
3,60,-0.4,2.35,0.025112032890319824,true,false
4,60,-0.35000000000000003,2.35,0.024856120347976685,true,false
5,60,-0.30000000000000004,2.35,0.024247944355010986,true,false
6,60,-0.25,2.35,0.025007128715515137,true,false
7,60,-0.2,2.35,0.02644526958465576,true,false
8,60,-0.15000000000000002,2.35,0.0273287296295166,true,false
9,60,-0.10000000000000003,2.35,0.027608901262283325,true,false
10,60,-0.050000000000000044,2.35,0.02809816598892212,true,false
11,60,0.0,2.35,0.028815627098083496,true,false
12,60,0.050000000000000044,2.35,0.029159486293792725,true,false
13,60,0.09999999999999998,2.35,0.02979344129562378,true,false
14,60,0.15000000000000002,2.35,0.029027163982391357,true,false
15,60,0.19999999999999996,2.35,0.029136329889297485,true,false
16,60,0.25,2.35,0.02982988953590393,true,false
17,60,0.30000000000000004,2.35,0.02953183650970459,true,false
18,60,0.35,2.35,0.029667258262634277,true,false
19,60,0.4,2.35,0.030170977115631104,true,false
20,60,0.44999999999999996,2.35,0.03014850616455078,true,false
21,60,0.5,2.35,0.03110775351524353,true,false
22,60,0.55,2.35,0.031118154525756836,true,false
23,60,0.6000000000000001,2.35,0.03045602395793514,false,true
0,61,-0.55,2.4000000000000004,0.028543174266815186,false,true
1,61,-0.5,2.4000000000000004,0.027662244193611477,false,true
2,61,-0.45000000000000007,2.4000000000000004,0.026657286151645733,false,true
3,61,-0.4,2.4000000000000004,0.025419124255510447,false,true
4,61,-0.35000000000000003,2.4000000000000004,0.02475294477205351,false,true
5,61,-0.30000000000000004,2.4000000000000004,0.024648434930216668,false,true
6,61,-0.25,2.4000000000000004,0.025205990472764016,false,true
7,61,-0.2,2.4000000000000004,0.026282807332618355,false,true
8,61,-0.15000000000000002,2.4000000000000004,0.0271520305446255,false,true
9,61,-0.10000000000000003,2.4000000000000004,0.02767014321157918,false,true
10,61,-0.050000000000000044,2.4000000000000004,0.02816500316192074,false,true
11,61,0.0,2.4000000000000004,0.02870620163109763,false,true
12,61,0.050000000000000044,2.4000000000000004,0.029244453388212025,false,true
13,61,0.09999999999999998,2.4000000000000004,0.029383322745778224,false,true
14,61,0.15000000000000002,2.4000000000000004,0.029362181377036597,false,true
15,61,0.19999999999999996,2.4000000000000004,0.029551953077316284,true,false
16,61,0.25,2.4000000000000004,0.028758525848388672,true,false
17,61,0.30000000000000004,2.4000000000000004,0.029346585273742676,true,false
18,61,0.35,2.4000000000000004,0.028799831867218018,true,false
19,61,0.4,2.4000000000000004,0.027965396642684937,true,false
20,61,0.44999999999999996,2.4000000000000004,0.02823615074157715,true,false
21,61,0.5,2.4000000000000004,0.030879557132720947,true,false
22,61,0.55,2.4000000000000004,0.031131833791732788,true,false
23,61,0.6000000000000001,2.4000000000000004,0.03112616765424224,false,true
0,62,-0.55,2.45,0.028178281082991887,false,true
1,62,-0.5,2.45,0.027625917242617874,false,true
2,62,-0.45000000000000007,2.45,0.026588982324158312,false,true
3,62,-0.4,2.45,0.025586654025464495,false,true
4,62,-0.35000000000000003,2.45,0.024917454001297416,false,true
5,62,-0.30000000000000004,2.45,0.02484234939171392,false,true
6,62,-0.25,2.45,0.025358078591395376,false,true
7,62,-0.2,2.45,0.026222004560895164,false,true
8,62,-0.15000000000000002,2.45,0.027049192646925443,false,true
9,62,-0.10000000000000003,2.45,0.0276633326485645,false,true
10,62,-0.050000000000000044,2.45,0.02817857539985747,false,true
11,62,0.0,2.45,0.028705338559116732,false,true
12,62,0.050000000000000044,2.45,0.02912747699167091,false,true
13,62,0.09999999999999998,2.45,0.029399574119891053,false,true
14,62,0.15000000000000002,2.45,0.029551953077316284,false,true
15,62,0.19999999999999996,2.45,0.029223304758338363,false,true
16,62,0.25,2.45,0.02916315392130904,false,true
17,62,0.30000000000000004,2.45,0.02901420629066293,false,true
18,62,0.35,2.45,0.028715571813547426,false,true
19,62,0.4,2.45,0.027327832230759925,false,true
20,62,0.44999999999999996,2.45,0.025007128715515137,true,false
21,62,0.5,2.45,0.028664343489132646,false,true
22,62,0.55,2.45,0.03102733737809991,false,true
23,62,0.6000000000000001,2.45,0.031131833791732788,false,true
