grid_x,grid_y,local_x_m,local_y_m,dh_dx,dh_dy
0,0,-0.6000000000000001,2.75,-0.028082958264655233,0.014429162289942565
1,0,-0.55,2.75,-0.031534729266144146,0.018897268782094856
2,0,-0.5000000000000001,2.75,-0.03424605523320551,0.02142444930500864
3,0,-0.45000000000000007,2.75,-0.028392943320150188,0.01958221301229246
4,0,-0.4000000000000001,2.75,-0.017271924923089044,0.013742531715268402
5,0,-0.3500000000000001,2.75,-0.00705099500931311,0.0071023594742603
6,0,-0.30000000000000004,2.75,-0.0004196375670775798,0.0022386349167607955
7,0,-0.25000000000000006,2.75,0.0034069790545993017,-0.0005936529333155915
8,0,-0.20000000000000007,2.75,0.005471023575201461,-0.002233530088856517
9,0,-0.15000000000000008,2.75,0.005990436462318671,-0.003199909899885278
10,0,-0.10000000000000009,2.75,0.005006470286736953,-0.0036753385082222145
11,0,-0.050000000000000044,2.75,0.0025225584682189717,-0.004065069343234251
12,0,0.0,2.75,-0.001799361153627388,-0.0050191638597046895
13,0,0.04999999999999993,2.75,-0.007683675738475171,-0.0068843077989244605
14,0,0.09999999999999998,2.75,-0.012653200202369652,-0.00907031193495167
15,0,0.1499999999999999,2.75,-0.012967360656138682,-0.010114389856982209
16,0,0.19999999999999996,2.75,-0.007602374898555697,-0.009039420930212483
17,0,0.25,2.75,-0.00028501675971265295,-0.006515566425200348
18,0,0.29999999999999993,2.75,0.004001882610786267,-0.004061132111863319
19,0,0.35,2.75,0.0037940054833046633,-0.0025236815990004047
20,0,0.3999999999999999,2.75,0.0013501199419393983,-0.001741510425931625
21,0,0.44999999999999996,2.75,-0.0010071702789066217,-0.001353543527976564
22,0,0.5,2.75,-0.0032670430279371776,-0.0014297280053815475
23,0,0.55,2.75,-0.006232610925716586,-0.0017536364466019805
24,0,0.6000000000000001,2.75,-0.008875136952531115,-0.0006744858437796042
25,0,0.6499999999999999,2.75,-0.008970063712711585,0.0037391484062704317
26,0,0.7,2.75,-0.0063044308410231675,0.01102560122742513
27,0,0.75,2.75,-0.0044811226365054635,0.018697738673134068
0,1,-0.6000000000000001,2.8,-0.023614851772502943,0.014910112712674117
1,1,-0.55,2.8,-0.028037085758611108,0.02022105811749164
2,1,-0.5000000000000001,2.8,-0.033903583118106706,0.024159617249898957
3,1,-0.45000000000000007,2.8,-0.03223390211502031,0.023725745815201815
4,1,-0.4000000000000001,2.8,-0.023511851692105123,0.018312592223063695
5,1,-0.3500000000000001,2.8,-0.012802943408566914,0.010798193292626268
6,1,-0.30000000000000004,2.8,-0.004267643770865526,0.004439999395856875
7,1,-0.25000000000000006,2.8,0.0011708965517906456,0.0003324980383292986
8,1,-0.20000000000000007,2.8,0.004167895091916618,-0.002079860236557096
9,1,-0.15000000000000008,2.8,0.005269532252635822,-0.0034871784719753274
10,1,-0.10000000000000009,2.8,0.004573890565062466,-0.0042728551848672525
11,1,-0.050000000000000044,2.8,0.0018506457924777342,-0.0049430328712679605
12,1,0.0,2.8,-0.0032089803814724926,-0.00624024239945592
13,1,0.04999999999999993,2.8,-0.00970924977609866,-0.008515685128749895
14,1,0.09999999999999998,2.8,-0.014268241231398526,-0.010968753408296394
15,1,0.1499999999999999,2.8,-0.012951915153769089,-0.012004373725572615
16,1,0.19999999999999996,2.8,-0.0058029631826647665,-0.010868641217378905
17,1,0.25,2.8,0.002204127649461929,-0.008429919188305268
18,1,0.29999999999999993,2.8,0.0059978250238862385,-0.006031422749198934
19,1,0.35,2.8,0.00495381632627051,-0.004250603782979534
20,1,0.3999999999999999,2.8,0.0019351889774513187,-0.0029126522532249566
21,1,0.44999999999999996,2.8,-0.000851279068631583,-0.0018659948011801042
22,1,0.5,2.8,-0.003467089487249886,-0.0012892264512354146
23,1,0.55,2.8,-0.005854989844915615,-0.0007205747244254379
24,1,0.6000000000000001,2.8,-0.006128744526094909,0.001856839329268667
25,1,0.6499999999999999,2.8,-0.0031200201771092173,0.008180915709338765
26,1,0.7,2.8,0.0011748642924086505,0.017023795498394556
27,1,0.75,2.8,0.003191014809203474,0.025451017441361357
0,2,-0.6000000000000001,2.85,-0.017461067455020185,0.014027102802612323
1,2,-0.55,2.85,-0.022285224728919306,0.02039734047889097
2,2,-0.5000000000000001,2.85,-0.030741367535495334,0.026931141920617935
3,2,-0.45000000000000007,2.85,-0.03423996834698545,0.030087002769777216
4,2,-0.4000000000000001,2.85,-0.03019947744566459,0.027195497323039275
5,2,-0.3500000000000001,2.85,-0.02092358783651993,0.019469822764109634
6,2,-0.30000000000000004,2.85,-0.01088533282137455,0.010673579712325854
7,2,-0.25000000000000006,2.85,-0.0031128805778146695,0.0037042795582978294
8,2,-0.20000000000000007,2.85,0.0016513470648968354,-0.0007739756686855892
9,2,-0.15000000000000008,2.85,0.003797441514008515,-0.0034025549417388
10,2,-0.10000000000000009,2.85,0.0035506158874443194,-0.004998332050076548
11,2,-0.050000000000000044,2.85,0.0005551712536303044,-0.006383751970768792
12,2,0.0,2.85,-0.005372013411109322,-0.008419028394951733
13,2,0.04999999999999993,2.85,-0.012412186747315646,-0.011289371149030003
14,2,0.09999999999999998,2.85,-0.016141888799192372,-0.013797316244966162
15,2,0.1499999999999999,2.85,-0.012867248465221193,-0.014425561500324424
16,2,0.19999999999999996,2.85,-0.004027920361288351,-0.013201550073781432
17,2,0.25,2.85,0.004552201708467318,-0.011370634035010319
18,2,0.29999999999999993,2.85,0.008181198016112001,-0.009607801450019215
19,2,0.35,2.85,0.00691277597927864,-0.007644514108033351
20,2,0.3999999999999999,2.85,0.003734728923738828,-0.005187626701285142
21,2,0.44999999999999996,2.85,0.0006162555230829203,-0.0025298844069154836
22,2,0.5,2.85,-0.0021216229511825113,-5.618895202175178e-05
23,2,0.55,2.85,-0.0030865451452125048,0.0030530885804117003
24,2,0.6000000000000001,2.85,2.6353481233087894e-05,0.008921992566386372
25,2,0.6499999999999999,2.85,0.006196892456414305,0.018121873063511873
26,2,0.7,2.85,0.010965670890999424,0.02792272548497121
27,2,0.75,2.85,0.012373321249428137,0.035351922337123476
0,3,-0.6000000000000001,2.9,-0.010874376419945653,0.01003167335253019
1,3,-0.55,2.9,-0.015133046640605496,0.016025347839092596
2,3,-0.5000000000000001,2.9,-0.02421392082722046,0.023855268811005248
3,3,-0.45000000000000007,2.9,-0.03196954671259897,0.03081732199723214
4,3,-0.4000000000000001,2.9,-0.034129031697772705,0.032969338519446
5,3,-0.3500000000000001,2.9,-0.029324861019280335,0.02860567289688698
6,3,-0.30000000000000004,2.9,-0.02003318697667733,0.019808530457371964
7,3,-0.25000000000000006,2.9,-0.010276658829220797,0.010406449805507312
8,3,-0.20000000000000007,2.9,-0.0029389394081200115,0.003108492440445365
9,3,-0.15000000000000008,2.9,0.0010451758712448633,-0.0015440154179810484
10,3,-0.10000000000000009,2.9,0.0015926935360324745,-0.00440567115380236
11,3,-0.050000000000000044,2.9,-0.0015700505523974506,-0.006728803485304413
12,3,0.0,2.9,-0.008114599559733704,-0.009430850910529254
13,3,0.04999999999999993,2.9,-0.01508753762611309,-0.012241158191159396
14,3,0.09999999999999998,2.9,-0.017404431582692947,-0.013694173230653361
15,3,0.1499999999999999,2.9,-0.012356148982584358,-0.013046904349191812
16,3,0.19999999999999996,2.9,-0.002748035717350661,-0.011599290494805625
17,3,0.25,2.9,0.005797876273224145,-0.010873490325238877
18,3,0.29999999999999993,2.9,0.009723944950863206,-0.010540935447943267
19,3,0.35,2.9,0.009373991075004584,-0.009199498271914575
20,3,0.3999999999999999,2.9,0.007049818678569186,-0.006210877557502881
21,3,0.44999999999999996,2.9,0.004280158680631807,-0.002066528675797874
22,3,0.5,2.9,0.002115883500077298,0.0027604433553868324
23,3,0.55,2.9,0.003123191673492509,0.008875085951464412
24,3,0.6000000000000001,2.9,0.008940039957005264,0.017021569588986096
25,3,0.6499999999999999,2.9,0.015880712741475622,0.02558991067759475
26,3,0.7,2.9,0.018404913566020253,0.031336348589680596
27,3,0.75,2.9,0.018049408513508003,0.03314532783109253
0,4,-0.6000000000000001,2.95,-0.005473718481895373,0.004774666593792137
1,4,-0.55,2.95,-0.008461629270444249,0.009310470677495741
2,4,-0.5000000000000001,2.95,-0.01594939337735579,0.016415216976549546
3,4,-0.45000000000000007,2.95,-0.025125898638544697,0.025109288963258564
4,4,-0.4000000000000001,2.95,-0.03241112654600975,0.032142831610989936
5,4,-0.3500000000000001,2.95,-0.03408439589859397,0.03381592440160619
6,4,-0.30000000000000004,2.95,-0.029084555912754217,0.02894005238823466
7,4,-0.25000000000000006,2.95,-0.01981291859474127,0.01978917783411721
8,4,-0.20000000000000007,2.95,-0.010299118158591525,0.01019999274512462
9,4,-0.15000000000000008,2.95,-0.00371672208023921,0.0028242781935228223
10,4,-0.10000000000000009,2.95,-0.0016341721798790454,-0.0020080941955732956
11,4,-0.050000000000000044,2.95,-0.00447000850309659,-0.005495295472088546
12,4,0.0,2.95,-0.010884368116964305,-0.008613385425479125
13,4,0.04999999999999993,2.95,-0.016675509067439753,-0.010729445518136982
14,4,0.09999999999999998,2.95,-0.01694763495722479,-0.010422630151651346
15,4,0.1499999999999999,2.95,-0.010772365729373456,-0.008035865761256145
16,4,0.19999999999999996,2.95,-0.0018545063373354154,-0.005971193017572651
17,4,0.25,2.95,0.0056105567553296765,-0.00585179135772218
18,4,0.29999999999999993,2.95,0.009855190069436304,-0.006772580818767693
19,4,0.35,2.95,0.011242833869719027,-0.006718815924705024
20,4,0.3999999999999999,2.95,0.010867698519855529,-0.004602492595543739
21,4,0.44999999999999996,2.95,0.009587576435972633,-0.0005174922347991884
22,4,0.5,2.95,0.008819991676079775,0.005220739327120305
23,4,0.55,2.95,0.011174581088386759,0.012305999956558067
24,4,0.6000000000000001,2.95,0.016741178207363427,0.01922229091286254
25,4,0.6499999999999999,2.95,0.020511671457108804,0.02287812668220146
26,4,0.7,2.95,0.018521088044497203,0.021524562632468935
27,4,0.75,2.95,0.015991279732252006,0.016800527785259256
0,5,-0.6000000000000001,3.0,-0.0018027682525384447,0.00018929643922749317
1,5,-0.55,3.0,-0.003492496257848088,0.0031924199597963
2,5,-0.5000000000000001,3.0,-0.008415102541457636,0.008434081211730476
3,5,-0.45000000000000007,3.0,-0.016241932078158577,0.016260875390598784
4,5,-0.4000000000000001,3.0,-0.02542239625942508,0.025327772008960914
5,5,-0.3500000000000001,3.0,-0.03252764024203561,0.032357349307807065
6,5,-0.30000000000000004,3.0,-0.03405993354416631,0.033886171485683625
7,5,-0.25000000000000006,3.0,-0.029016718472330838,0.02886619616442876
8,5,-0.20000000000000007,3.0,-0.0199038390487144,0.019623685473962593
9,5,-0.15000000000000008,3.0,-0.011162911069453052,0.009976911635546648
10,5,-0.10000000000000009,3.0,-0.006726880129578894,0.0024189626683426835
11,5,-0.050000000000000044,3.0,-0.00817534178230328,-0.0028887844955069464
12,5,0.0,3.0,-0.01334874960578214,-0.00655834535264771
13,5,0.04999999999999993,3.0,-0.01689678235228531,-0.008053132064521629
14,5,0.09999999999999998,3.0,-0.01471085182581211,-0.006503888236812361
15,5,0.1499999999999999,3.0,-0.007904711848505663,-0.0030290380984338006
16,5,0.19999999999999996,3.0,-0.0005639613138166966,-0.0002449973452622878
17,5,0.25,3.0,0.004996488472029104,0.00037555766974561866
18,5,0.29999999999999993,3.0,0.008856920383880362,-0.0005399914766657243
19,5,0.35,3.0,0.011544079298228538,-0.0014226848296303163
20,5,0.3999999999999999,3.0,0.013251142368475022,-0.001052013772702698
21,5,0.44999999999999996,3.0,0.014103390603295851,0.001203696599390569
22,5,0.5,3.0,0.014939375691434553,0.005435859144916899
23,5,0.55,3.0,0.017124743259234743,0.010450414637313277
24,5,0.6000000000000001,3.0,0.019512166682648657,0.01324201740655645
25,5,0.6499999999999999,3.0,0.01818298446108202,0.011165522902169267
26,5,0.7,3.0,0.012327314669078049,0.005023380812909373
27,5,0.75,3.0,0.008601338819088644,-0.002023223347501213
0,6,-0.6000000000000001,3.05,0.0005325285592422402,-0.00288592232583762
1,6,-0.55,3.05,-0.00021684449794126537,-0.0010562914688538871
2,6,-0.5000000000000001,3.05,-0.002880937946553308,0.0023243540823793263
3,6,-0.45000000000000007,3.05,-0.00823220784131426,0.008001793556853959
4,6,-0.4000000000000001,3.05,-0.016314652628801468,0.01611278435988933
5,6,-0.3500000000000001,3.05,-0.025525996421871255,0.02524184104544913
6,6,-0.30000000000000004,3.05,-0.032575709056132524,0.03221098536042771
7,6,-0.25000000000000006,3.05,-0.0340754046064623,0.033633595331359345
8,6,-0.20000000000000007,3.05,-0.029188402687473636,0.028492948416041497
9,6,-0.15000000000000008,3.05,-0.02092144488585912,0.019083675979307824
10,6,-0.10000000000000009,3.05,-0.01449986831093264,0.009120279411676535
11,6,-0.050000000000000044,3.05,-0.013447316524086983,0.0011505208176323944
12,6,0.0,3.05,-0.016048715685978987,-0.003908030225369119
13,6,0.04999999999999993,3.05,-0.016621051951604404,-0.005616130263027264
14,6,0.09999999999999998,3.05,-0.01192354099113696,-0.0041026734490176575
15,6,0.1499999999999999,3.05,-0.0045134748378233835,-0.0009164530765379264
16,6,0.19999999999999996,3.05,0.0015500894308440039,0.0019485046107076132
17,6,0.25,3.05,0.00531556262392624,0.003509220561955795
18,6,0.29999999999999993,3.05,0.008056947570060369,0.003757461944466911
19,6,0.35,3.05,0.010730811573682053,0.00316626638773132
20,6,0.3999999999999999,3.05,0.013494079948876414,0.002605066821520785
21,6,0.44999999999999996,3.05,0.01607544935359223,0.003345819411705586
22,6,0.5,3.05,0.018066709714002482,0.0061952448034702234
23,6,0.55,3.05,0.01898073935002631,0.009663193021861582
24,6,0.6000000000000001,3.05,0.017456286472219418,0.010014919611607276
25,6,0.6499999999999999,3.05,0.012293034863461727,0.005514207836684881
26,6,0.7,3.05,0.005332341794826723,-0.001073208675159143
27,6,0.75,3.05,0.001898071411430835,-0.006334174430514261
0,7,-0.6000000000000001,3.1,0.0018564934614290207,-0.004217681285922231
1,7,-0.55,3.1,0.0017177801503688583,-0.003359645209230211
2,7,-0.5000000000000001,3.1,0.0006429824842502097,-0.0015018167974094332
3,7,-0.45000000000000007,3.1,-0.002453501800648572,0.0020164632344457645
4,7,-0.4000000000000001,3.1,-0.008182348770829906,0.007810749657868737
5,7,-0.3500000000000001,3.1,-0.01642943924149723,0.015927405599450717
6,7,-0.30000000000000004,3.1,-0.025668179258256096,0.024961908039472375
7,7,-0.25000000000000006,3.1,-0.032734755416717054,0.03175229139028721
8,7,-0.20000000000000007,3.1,-0.03445375840076592,0.032909167108970405
9,7,-0.15000000000000008,3.1,-0.030535580073818014,0.027384361709853755
10,7,-0.10000000000000009,3.1,-0.024660035291254323,0.01752466368522304
11,7,-0.050000000000000044,3.1,-0.021203651419348934,0.0074526362046759
12,7,0.0,3.1,-0.020115400686441798,0.0004768734633847638
13,7,0.04999999999999993,3.1,-0.01709142557593385,-0.0023243081196686055
14,7,0.09999999999999998,3.1,-0.010011174639322773,-0.0019837945204626006
15,7,0.1499999999999999,3.1,-0.0018535337887803927,-0.00034334562472732033
16,7,0.19999999999999996,3.1,0.0038617123246770246,0.0015002605196820507
17,7,0.25,3.1,0.0068054458057884015,0.003287178872707075
18,7,0.29999999999999993,3.1,0.008513966209655888,0.0046591123946440605
19,7,0.35,3.1,0.010391684175282412,0.00521062674867373
20,7,0.3999999999999999,3.1,0.013430695392449288,0.005549866799543501
21,7,0.44999999999999996,3.1,0.01769356858524529,0.007925968793568716
22,7,0.5,3.1,0.02125674930159055,0.014513956074807266
23,7,0.55,3.1,0.020944418067371795,0.023389604065283953
24,7,0.6000000000000001,3.1,0.015363181497471956,0.028108667516515695
25,7,0.6499999999999999,3.1,0.0070948561743156,0.02539900008416668
26,7,0.7,3.1,0.0004789324018789065,0.019504018702674042
27,7,0.75,3.1,-0.001920592691621592,0.015398382195905558
0,8,-0.6000000000000001,3.15,0.002248600712626281,-0.00401605875320607
1,8,-0.55,3.15,0.0024990199905715327,-0.003982402014366948
2,8,-0.5000000000000001,3.15,0.0024951704971226674,-0.003373745907205017
3,8,-0.45000000000000007,3.15,0.001080358613963911,-0.0016288854161150557
4,8,-0.4000000000000001,3.15,-0.0024037102637965158,0.0018511065642848323
5,8,-0.3500000000000001,3.15,-0.008374838040267618,0.007576673458845745
6,8,-0.30000000000000004,3.15,-0.016750823265296033,0.015536575215861076
7,8,-0.25000000000000006,3.15,-0.02612814553696427,0.024265425741730323
8,8,-0.20000000000000007,3.15,-0.03355633236790709,0.030519797618994704
9,8,-0.15000000000000008,3.15,-0.036305948309606484,0.0309126947485433
10,8,-0.10000000000000009,3.15,-0.034431593816110495,0.024843539143319104
11,8,-0.050000000000000044,3.15,-0.03049510674592526,0.01570649985266348
12,8,0.0,3.15,-0.025825660010323492,0.00823495831794141
13,8,0.04999999999999993,3.15,-0.01908171993545177,0.004492431868144131
14,8,0.09999999999999998,3.15,-0.009942578496195675,0.003195550302660388
15,8,0.1499999999999999,3.15,-0.0010294197976787323,0.0025850430060764262
16,8,0.19999999999999996,3.15,0.005180613928278399,0.0024637006387451255
17,8,0.25,3.15,0.00847441449888825,0.0032639267927600524
18,8,0.29999999999999993,3.15,0.009980395446027024,0.004639312351323033
19,8,0.35,3.15,0.011621565978581494,0.005999900407275827
20,8,0.3999999999999999,3.15,0.0162094219937714,0.008549975479063554
21,8,0.44999999999999996,3.15,0.025039538628855995,0.01666446559126955
22,8,0.5,3.15,0.03353034498571772,0.03459224806224709
23,8,0.55,3.15,0.03257545079173474,0.05816758385681395
24,8,0.6000000000000001,3.15,0.019465682491102143,0.0738927092290996
25,8,0.6499999999999999,3.15,0.0036883860496200738,0.07414302310871895
26,8,0.7,3.15,-0.004668276093434398,0.06601414657790239
27,8,0.75,3.15,-0.006313201602106133,0.05905080642747168
0,9,-0.6000000000000001,3.2,0.0019238069391072643,-0.0029490267972845374
1,9,-0.55,3.2,0.0023600929963699113,-0.003434911225219661
2,9,-0.5000000000000001,3.2,0.002996499082502102,-0.003738360381056738
3,9,-0.45000000000000007,3.2,0.002771350670841277,-0.0033726531777415747
4,9,-0.4000000000000001,3.2,0.001023210104130895,-0.0017755859264967366
5,9,-0.3500000000000001,3.2,-0.0027439705899209854,0.0015571511393860926
6,9,-0.30000000000000004,3.2,-0.008979426975371518,0.007044446697458129
7,9,-0.25000000000000006,3.2,-0.017751533013583426,0.014539383490135976
8,9,-0.20000000000000007,3.2,-0.027806489393952943,0.022354360036564158
9,9,-0.15000000000000008,3.2,-0.036211838549493613,0.027253566212656066
10,9,-0.10000000000000009,3.2,-0.039866230187134144,0.026828364120808912
11,9,-0.050000000000000044,3.2,-0.03781223224472663,0.022316681465419097
12,9,0.0,3.2,-0.03132946867096115,0.017530156552732767
13,9,0.04999999999999993,3.2,-0.02213083359121487,0.014555052156635384
14,9,0.09999999999999998,3.2,-0.011918563501390478,0.012400557086348352
15,9,0.1499999999999999,3.2,-0.0025853834526956554,0.009947991815044965
16,9,0.19999999999999996,3.2,0.004540596111360651,0.007779735249185682
17,9,0.25,3.2,0.008981057518366309,0.006788507146077705
18,9,0.29999999999999993,3.2,0.011249939824171662,0.006890077461135513
19,9,0.35,3.2,0.014302347303022933,0.00794790307205473
20,9,0.3999999999999999,3.2,0.02409526057644301,0.012466110953036902
21,9,0.44999999999999996,3.2,0.043735841168428824,0.027383360964698678
22,9,0.5,3.2,0.06275986756713495,0.05834355184776596
23,9,0.55,3.2,0.06024487923422431,0.09682006179857539
24,9,0.6000000000000001,3.2,0.03133862074937696,0.12110847770408578
25,9,0.6499999999999999,3.2,-0.0007837064768816127,0.12088336112307377
26,9,0.7,3.2,-0.014613284279368366,0.10801872205687901
27,9,0.75,3.2,-0.015847272992483008,0.09678061850230846
0,10,-0.6000000000000001,3.25,0.0012768318567560333,-0.0016198602129678663
1,10,-0.55,3.25,0.0017096864067993323,-0.0022964074655712485
2,10,-0.5000000000000001,3.25,0.002557428544600754,-0.003087403952699297
3,10,-0.45000000000000007,3.25,0.003043133068523912,-0.003653615334944932
4,10,-0.4000000000000001,3.25,0.0025260940533311516,-0.0034846609846818366
5,10,-0.3500000000000001,3.25,0.0004451945836872473,-0.002110368663343215
6,10,-0.30000000000000004,3.25,-0.0037685909145461494,0.0008589164213167189
7,10,-0.25000000000000006,3.25,-0.01081823219785824,0.005662216605278048
8,10,-0.20000000000000007,3.25,-0.020842149645386998,0.011834411312331844
9,10,-0.15000000000000008,3.25,-0.03183194422536173,0.017714813337114665
10,10,-0.10000000000000009,3.25,-0.039368478563347464,0.021395520375728228
11,10,-0.050000000000000044,3.25,-0.039793314314001405,0.022623270682689267
12,10,0.0,3.25,-0.033587289319107205,0.02280351270000064
13,10,0.04999999999999993,3.25,-0.024211319401836184,0.022753571743058254
14,10,0.09999999999999998,3.25,-0.014549638837786094,0.021824662257829697
15,10,0.1499999999999999,3.25,-0.005650241634841402,0.01960504722880979
16,10,0.19999999999999996,3.25,0.0020211292593111385,0.016854195591687604
17,10,0.25,3.25,0.007584756710838081,0.01449470238205769
18,10,0.29999999999999993,3.25,0.011139791372004049,0.012895151832527374
19,10,0.35,3.25,0.017197599470482883,0.012582580535380194
20,10,0.3999999999999999,3.25,0.03564487988641535,0.016646986912455808
21,10,0.44999999999999996,3.25,0.07091697952358506,0.03220569511335758
22,10,0.5,3.25,0.10296704581959443,0.06360978831623995
23,10,0.55,3.25,0.09534037664805456,0.09973110385589581
24,10,0.6000000000000001,3.25,0.043528981815600526,0.118786455830837
25,10,0.6499999999999999,3.25,-0.009401369597586695,0.11427109392178211
26,10,0.7,3.25,-0.02877101871419971,0.10050711173784657
27,10,0.75,3.25,-0.028789408711247244,0.09047057811562925
0,11,-0.6000000000000001,3.3,0.0005707124339004999,-0.00019719340067420044
1,11,-0.55,3.3,0.0008925492566384807,-0.0009263883303289866
2,11,-0.5000000000000001,3.3,0.0016392912131284187,-0.0018984176153595544
3,11,-0.45000000000000007,3.3,0.0023740936388587375,-0.002941211534478322
4,11,-0.4000000000000001,3.3,0.0025664567757326118,-0.0036999589478874106
5,11,-0.3500000000000001,3.3,0.00159960681607757,-0.0037893934892327397
6,11,-0.30000000000000004,3.3,-0.0012068417067502557,-0.0029208498070155964
7,11,-0.25000000000000006,3.3,-0.006776038122568301,-0.0009303374790575747
8,11,-0.20000000000000007,3.3,-0.015753892662116326,0.0021805958303530715
9,11,-0.15000000000000008,3.3,-0.02665072948609723,0.006225615326412859
10,11,-0.10000000000000009,3.3,-0.03495777284155954,0.010947606517645037
11,11,-0.050000000000000044,3.3,-0.03640423992045422,0.015952557477708906
12,11,0.0,3.3,-0.03119916761059216,0.020585002223697246
13,11,0.04999999999999993,3.3,-0.023109684033385813,0.024172709192965547
14,11,0.09999999999999998,3.3,-0.01506708801563894,0.026289060630924344
15,11,0.1499999999999999,3.3,-0.007555850118837748,0.026818828403453177
16,11,0.19999999999999996,3.3,-0.000569748735391451,0.025918660310277897
17,11,0.25,3.3,0.005022013759206079,0.02402239628197189
18,11,0.29999999999999993,3.3,0.009337817977494167,0.021785484651896947
19,11,0.35,3.3,0.018054182382951367,0.019942851892525704
20,11,0.3999999999999999,3.3,0.0437183751544204,0.02010882466921854
21,11,0.44999999999999996,3.3,0.09069864257221297,0.025117793754966256
22,11,0.5,3.3,0.13028527630967318,0.03535142331909005
23,11,0.55,3.3,0.11542154674882135,0.044242718134425846
24,11,0.6000000000000001,3.3,0.04587861081526326,0.043985633892553444
25,11,0.6499999999999999,3.3,-0.019063050569872036,0.03671935890181777
26,11,0.7,3.3,-0.03841380008552123,0.030922952821320765
27,11,0.75,3.3,-0.03592034023691765,0.029890849266209496
0,12,-0.6000000000000001,3.35,-0.00018155800255353904,0.0013843398648048788
1,12,-0.55,3.35,8.46219211397825e-06,0.0005840355504482808
2,12,-0.5000000000000001,3.35,0.0005426053404514186,-0.00047943087669838347
3,12,-0.45000000000000007,3.35,0.001241591735996056,-0.0017082908908171157
4,12,-0.4000000000000001,3.35,0.0016779120985767337,-0.002910619232514844
5,12,-0.3500000000000001,3.35,0.0012243037245590616,-0.0038882033874941546
6,12,-0.30000000000000004,3.35,-0.0009095349043709844,-0.0045346492927354765
7,12,-0.25000000000000006,3.35,-0.005716786560489573,-0.004870797498285756
8,12,-0.20000000000000007,3.35,-0.013686196839916565,-0.004760684510941304
9,12,-0.15000000000000008,3.35,-0.023064933538069765,-0.0034082193696641228
10,12,-0.10000000000000009,3.35,-0.029641536412051417,0.00036004771783504363
11,12,-0.050000000000000044,3.35,-0.030155918607949195,0.006562569688934039
12,12,0.0,3.35,-0.025367137603850565,0.013547728202762122
13,12,0.04999999999999993,3.35,-0.018507260994609087,0.019728261175321893
14,12,0.09999999999999998,3.35,-0.011903519627298464,0.02471379954712777
15,12,0.1499999999999999,3.35,-0.006020641955487849,0.028446619107150573
16,12,0.19999999999999996,3.35,-0.0007753028621701463,0.030542254149623083
17,12,0.25,3.35,0.003451581052457131,0.030896181285767765
18,12,0.29999999999999993,3.35,0.007060246982557861,0.02998147606043916
19,12,0.35,3.35,0.015520939487804475,0.028028391417419807
20,12,0.3999999999999999,3.35,0.0408198217488559,0.023748453154753546
21,12,0.44999999999999996,3.35,0.08615957817345657,0.01326365937112578
22,12,0.5,3.35,0.12209197019905402,-0.007399221549980878
23,12,0.55,3.35,0.10397458722151795,-0.03469119126208564
24,12,0.6000000000000001,3.35,0.03600562258299245,-0.055837315080529276
25,12,0.6499999999999999,3.35,-0.022464050668819374,-0.061567997767101035
26,12,0.7,3.35,-0.03559952834980798,-0.05570563773158149
27,12,0.75,3.35,-0.030853615821469782,-0.04714180358591058
0,13,-0.6000000000000001,3.4,-0.0010298961948126961,0.003107089390206458
1,13,-0.55,3.4,-0.0009712214848647815,0.0022252029729795397
2,13,-0.5000000000000001,3.4,-0.0006530352281369778,0.001060904033450133
3,13,-0.45000000000000007,3.4,-5.7094716957722946e-05,-0.00027360565919148927
4,13,-0.4000000000000001,3.4,0.00038654427905557287,-0.0016320939499558929
5,13,-0.3500000000000001,3.4,-2.4423244143062517e-05,-0.0029645865696119322
6,13,-0.30000000000000004,3.4,-0.002189435817541857,-0.004394161576039696
7,13,-0.25000000000000006,3.4,-0.007002073340774129,-0.006162986053120101
8,13,-0.20000000000000007,3.4,-0.014291314533494692,-0.008077104717147815
9,13,-0.15000000000000008,3.4,-0.021529997257320882,-0.008750127101819494
10,13,-0.10000000000000009,3.4,-0.02498698378296138,-0.0062810782203232
11,13,-0.050000000000000044,3.4,-0.02321655943552714,-0.00040853815660102377
12,13,0.0,3.4,-0.018033476124204306,0.007008533235814407
13,13,0.04999999999999993,3.4,-0.011943612689020167,0.014045985496776714
14,13,0.09999999999999998,3.4,-0.006348730083810261,0.02009025490711136
15,13,0.1499999999999999,3.4,-0.0017273955163424337,0.025136879466498563
16,13,0.19999999999999996,3.4,0.0018798134432257418,0.028996732277265513
17,13,0.25,3.4,0.004461235670022157,0.031591537189479546
18,13,0.29999999999999993,3.4,0.006470028109146209,0.03315107953271029
19,13,0.35,3.4,0.011821159477265752,0.03334629895988733
20,13,0.3999999999999999,3.4,0.02895364310812637,0.028801716652584186
21,13,0.44999999999999996,3.4,0.059550967867478544,0.011067692428424758
22,13,0.5,3.4,0.08233042567646176,-0.026517864260083984
23,13,0.55,3.4,0.06698345321827295,-0.07351612100568769
24,13,0.6000000000000001,3.4,0.019001804310247866,-0.10475424755649901
25,13,0.6499999999999999,3.4,-0.018931373220924252,-0.10868218957471337
26,13,0.7,3.4,-0.023987605904330772,-0.09794229929070822
27,13,0.75,3.4,-0.018792671945575823,-0.08757471375852949
0,14,-0.6000000000000001,3.45,-0.0019453308370073752,0.004901473388902733
1,14,-0.55,3.45,-0.0020377231646423466,0.003969068442536694
2,14,-0.5000000000000001,3.45,-0.0019562032917196104,0.0027106646189194172
3,14,-0.45000000000000007,3.45,-0.0014514062474099698,0.0012542616984634325
4,14,-0.4000000000000001,3.45,-0.0010130688118437092,-0.0002145814360471343
5,14,-0.3500000000000001,3.45,-0.0015377639015247413,-0.0016526593062601846
6,14,-0.30000000000000004,3.45,-0.004107934387879153,-0.0032926265778830677
7,14,-0.25000000000000006,3.45,-0.009399729701597692,-0.005494437597070023
8,14,-0.20000000000000007,3.45,-0.016273337888615957,-0.008016245132278638
9,14,-0.15000000000000008,3.45,-0.02126890704124515,-0.009320050121079115
10,14,-0.10000000000000009,3.45,-0.021299947466832947,-0.007587411695212376
11,14,-0.050000000000000044,3.45,-0.016866307151811588,-0.0027079578803579363
12,14,0.0,3.45,-0.010912613950472827,0.0036914677254723527
13,14,0.04999999999999993,3.45,-0.005425539323312134,0.009925255772767205
14,14,0.09999999999999998,3.45,-0.0008126256575766155,0.015248604711874392
15,14,0.1499999999999999,3.45,0.0028858354146663046,0.019668017818366412
16,14,0.19999999999999996,3.45,0.005679354860810837,0.023444403853388196
17,14,0.25,3.45,0.00760592830790191,0.02697022914512348
18,14,0.29999999999999993,3.45,0.008815008752965647,0.030737551754004833
19,14,0.35,3.45,0.011171576607678368,0.03467153741439244
20,14,0.3999999999999999,3.45,0.018541215217393325,0.035440075061730775
21,14,0.44999999999999996,3.45,0.0308399972607884,0.023896932884895777
22,14,0.5,3.45,0.03750815676494157,-0.007945058566145857
23,14,0.55,3.45,0.025738203925102926,-0.05085128796125715
24,14,0.6000000000000001,3.45,0.0008395540139667645,-0.080523852929279
25,14,0.6499999999999999,3.45,-0.015652102403028584,-0.08608386653486316
26,14,0.7,3.45,-0.014492052533624095,-0.07971173307914234
27,14,0.75,3.45,-0.010118444757112321,-0.07462143578798958
0,15,-0.6000000000000001,3.5,-0.002894706087544774,0.0066593042480687925
1,15,-0.55,3.5,-0.003162030254848097,0.005734128898364499
2,15,-0.5000000000000001,3.5,-0.0033678419722102393,0.004438182635715382
3,15,-0.45000000000000007,3.5,-0.0029823407719242745,0.002868958120588877
4,15,-0.4000000000000001,3.5,-0.0025203767256680443,0.0012261309393785114
5,15,-0.3500000000000001,3.5,-0.003102468385978996,-0.000391481540724381
6,15,-0.30000000000000004,3.5,-0.006031214108351696,-0.0021564350703796864
7,15,-0.25000000000000006,3.5,-0.011725691895169699,-0.004296810009940949
8,15,-0.20000000000000007,3.5,-0.018116927057503784,-0.0063919534759716845
9,15,-0.15000000000000008,3.5,-0.02110116382025462,-0.007110503309090133
10,15,-0.10000000000000009,3.5,-0.0183748915422402,-0.005400653887621121
11,15,-0.050000000000000044,3.5,-0.011937680014842411,-0.0016467675591724795
12,15,0.0,3.5,-0.005400262471079165,0.0029394304262703175
13,15,0.04999999999999993,3.5,-0.0003864757026181276,0.007388113784929373
14,15,0.09999999999999998,3.5,0.003394031961788946,0.01124074852766388
15,15,0.1499999999999999,3.5,0.006468403625171371,0.014490507904104388
16,15,0.19999999999999996,3.5,0.00918202476998281,0.01754738860030358
17,15,0.25,3.5,0.011754383570638793,0.021287703691082738
18,15,0.29999999999999993,3.5,0.014171336378415167,0.0270917064466894
19,15,0.35,3.5,0.016523682784991695,0.03623406840932916
20,15,0.3999999999999999,3.5,0.018179038578629708,0.04673796620935672
21,15,0.44999999999999996,3.5,0.01616583423960191,0.049624098318852145
22,15,0.5,3.5,0.007582204830308831,0.03424606669883104
23,15,0.55,3.5,-0.005595341144860183,0.003945857240689604
24,15,0.6000000000000001,3.5,-0.016230774263358144,-0.02245046502385037
25,15,0.6499999999999999,3.5,-0.018119253370787597,-0.03328855552080803
26,15,0.7,3.5,-0.012525175157457186,-0.03462039860285787
27,15,0.75,3.5,-0.008612077363270298,-0.035190062290188506
0,16,-0.6000000000000001,3.55,-0.0037956815364159624,0.007863052642894663
1,16,-0.55,3.55,-0.004258844776995757,0.007169361102380145
2,16,-0.5000000000000001,3.55,-0.004821374069495232,0.006052971168965665
3,16,-0.45000000000000007,3.55,-0.00466345794374684,0.004515634878128338
4,16,-0.4000000000000001,3.55,-0.004273508473156967,0.0026930179911142937
5,16,-0.3500000000000001,3.55,-0.004920329911282939,0.0006876569390366905
6,16,-0.30000000000000004,3.55,-0.008013262857095721,-0.0015357821773609448
7,16,-0.25000000000000006,3.55,-0.01363524810718969,-0.0038250338216293256
8,16,-0.20000000000000007,3.55,-0.01908703118776514,-0.00535342040890785
9,16,-0.15000000000000008,3.55,-0.020277607452894586,-0.005077969210693645
10,16,-0.10000000000000009,3.55,-0.015836211716915294,-0.002971327860299966
11,16,-0.050000000000000044,3.55,-0.00852622283792015,-3.6854183045886835e-05
12,16,0.0,3.55,-0.0018777326063709743,0.002881173366755252
13,16,0.04999999999999993,3.55,0.002875778778081428,0.005555734185947181
14,16,0.09999999999999998,3.55,0.0062897684615983995,0.00799464013901574
15,16,0.1499999999999999,3.55,0.009192475487306007,0.01029947134498499
16,16,0.19999999999999996,3.55,0.012476550647789186,0.013036030331830262
17,16,0.25,3.55,0.01715024615428773,0.017768294202461232
18,16,0.29999999999999993,3.55,0.02376137347121207,0.02736870014048931
19,16,0.35,3.55,0.030817836370345686,0.04492932978221828
20,16,0.3999999999999999,3.55,0.03193124512691631,0.0688917531283445
21,16,0.44999999999999996,3.55,0.01834809775026272,0.08763241529964674
22,16,0.5,3.55,-0.008170084313220971,0.0852444293779181
23,16,0.55,3.55,-0.030958327797578483,0.06002134732227313
24,16,0.6000000000000001,3.55,-0.03639485874753087,0.029532172917256932
25,16,0.6499999999999999,3.55,-0.027822035982036086,0.009882699748881979
26,16,0.7,3.55,-0.016393559303004568,0.0014034424234582454
27,16,0.75,3.55,-0.011257772131773591,-0.002253297774833518
0,17,-0.6000000000000001,3.6,-0.0042820891685738105,0.007653204250710616
1,17,-0.55,3.6,-0.0049721117287770955,0.007599635599035981
2,17,-0.5000000000000001,3.6,-0.006021568196462046,0.007107304785459317
3,17,-0.45000000000000007,3.6,-0.006342293949775646,0.0059703466781704795
4,17,-0.4000000000000001,3.6,-0.006348354664759692,0.004145465001024196
5,17,-0.3500000000000001,3.6,-0.007331268554454234,0.0016480436703429635
6,17,-0.30000000000000004,3.6,-0.010543904869017712,-0.0014138659853221713
7,17,-0.25000000000000006,3.6,-0.015543330126716604,-0.0043371401031888634
8,17,-0.20000000000000007,3.6,-0.019369862446568104,-0.005705897399521098
9,17,-0.15000000000000008,3.6,-0.018719071271646737,-0.004666143509615417
10,17,-0.10000000000000009,3.6,-0.013333776514592444,-0.002066315410044761
11,17,-0.050000000000000044,3.6,-0.006085178787787193,0.0005707722695685868
12,17,0.0,3.6,0.0001923258979139031,0.0025814858552966613
13,17,0.04999999999999993,3.6,0.004726991069642361,0.004102983301929597
14,17,0.09999999999999998,3.6,0.008137769120826754,0.005382793085990378
15,17,0.1499999999999999,3.6,0.011509793817985892,0.006800454764727959
16,17,0.19999999999999996,3.6,0.016650847627459053,0.00960248775788708
17,17,0.25,3.6,0.026087053379297842,0.01672589935949903
18,17,0.29999999999999993,3.6,0.041332371958172215,0.03283379184352134
19,17,0.35,3.6,0.058046735772846886,0.06140118272696421
20,17,0.3999999999999999,3.6,0.06088212409605817,0.09799940101032384
21,17,0.44999999999999996,3.6,0.032518510489175506,0.1265586680744074
22,17,0.5,3.6,-0.020028863147064785,0.12861204432168996
23,17,0.55,3.6,-0.06130759760552135,0.10178838625352654
24,17,0.6000000000000001,3.6,-0.06636942183674929,0.06407471273789572
25,17,0.6499999999999999,3.6,-0.046247983864586284,0.03504017098571968
26,17,0.7,3.6,-0.024661172681172683,0.01982366466832794
27,17,0.75,3.6,-0.015925557759853826,0.013523092556576577
0,18,-0.6000000000000001,3.65,-0.003902818839765232,0.005795831271095814
1,18,-0.55,3.65,-0.004804744242247055,0.006574298628625186
2,18,-0.5000000000000001,3.65,-0.006450662990360734,0.007071151604667314
3,18,-0.45000000000000007,3.65,-0.007625297728181962,0.00678890034934404
4,18,-0.4000000000000001,3.65,-0.008595811480984483,0.005328003349213961
5,18,-0.3500000000000001,3.65,-0.010479660897629306,0.0025008609998944387
6,18,-0.30000000000000004,3.65,-0.013998446630627548,-0.0014146358020053484
7,18,-0.25000000000000006,3.65,-0.017927279521388617,-0.0050783362891647366
8,18,-0.20000000000000007,3.65,-0.019416034594191695,-0.006513265275474578
9,18,-0.15000000000000008,3.65,-0.01663802546341825,-0.005041803921760624
10,18,-0.10000000000000009,3.65,-0.01059929593773129,-0.002072531964452118
11,18,-0.050000000000000044,3.65,-0.0038784215725787274,0.000652041705134776
12,18,0.0,3.65,0.0016544784259900358,0.0025586400304256074
13,18,0.04999999999999993,3.65,0.005677086008775145,0.0037778584826916872
14,18,0.09999999999999998,3.65,0.008987239924396762,0.004441666865349636
15,18,0.1499999999999999,3.65,0.013412170159202708,0.0050869980591600195
16,18,0.19999999999999996,3.65,0.022401995242560258,0.007749789836004051
17,18,0.25,3.65,0.04038155023992199,0.016801040681506674
18,18,0.29999999999999993,3.65,0.06843665683867725,0.03768774603564909
19,18,0.35,3.65,0.09598344553714819,0.07113630973972801
20,18,0.3999999999999999,3.65,0.09708873047435951,0.1074714196589227
21,18,0.44999999999999996,3.65,0.04896074106162884,0.1308392262700478
22,18,0.5,3.65,-0.03294036613410184,0.13099178721220794
23,18,0.55,3.65,-0.09549565938137272,0.10964080677836302
24,18,0.6000000000000001,3.65,-0.10314307401533773,0.07774628821245397
25,18,0.6499999999999999,3.65,-0.07207308405160387,0.04852808583285448
26,18,0.7,3.65,-0.03791063773214767,0.02939039048158537
27,18,0.75,3.65,-0.023858916355276316,0.01964321829187557
0,19,-0.6000000000000001,3.7,-0.0027251544535150662,0.003209443161790032
1,19,-0.55,3.7,-0.0036967913952055953,0.004452068166216627
2,19,-0.5000000000000001,3.7,-0.005806966475743192,0.005760381975875584
3,19,-0.45000000000000007,3.7,-0.008085442205228999,0.0064496050234987
4,19,-0.4000000000000001,3.7,-0.010636394014209294,0.005654390979354662
5,19,-0.3500000000000001,3.7,-0.014073907705673544,0.002865373194664983
6,19,-0.30000000000000004,3.7,-0.018123102158076887,-0.0013933556841908001
7,19,-0.25000000000000006,3.7,-0.020641959600185833,-0.005172764013271353
8,19,-0.20000000000000007,3.7,-0.01933333007916399,-0.0063075676766216615
9,19,-0.15000000000000008,3.7,-0.014278337960624277,-0.004521547593004938
10,19,-0.10000000000000009,3.7,-0.007639930887697044,-0.0014516841799577795
11,19,-0.050000000000000044,3.7,-0.001454006792909468,0.0013796053404827036
12,19,0.0,3.7,0.0033181426754708143,0.003592136922557221
13,19,0.04999999999999993,3.7,0.00661001790456639,0.005218067685905381
14,19,0.09999999999999998,3.7,0.009446908697295087,0.006138823099152979
15,19,0.1499999999999999,3.7,0.014817916788640306,0.006639442297712295
16,19,0.19999999999999996,3.7,0.028364890249805708,0.008498268419748767
17,19,0.25,3.7,0.05602500957894288,0.015569791678571587
18,19,0.29999999999999993,3.7,0.09566764101639355,0.0313241408501487
19,19,0.35,3.7,0.1278304093961205,0.05229691529732211
20,19,0.3999999999999999,3.7,0.12058504062637795,0.06746142076072659
21,19,0.44999999999999996,3.7,0.056038878042460744,0.07083069573545459
22,19,0.5,3.7,-0.04122728263874956,0.06912364482851624
23,19,0.55,3.7,-0.11455309660527532,0.06844422859184102
24,19,0.6000000000000001,3.7,-0.12748214278225783,0.0640473301113835
25,19,0.6499999999999999,3.7,-0.09460388159545488,0.052062283037361545
26,19,0.7,3.7,-0.05354604022215159,0.03758560048706408
27,19,0.75,3.7,-0.03541990213927343,0.02645613654225845
0,20,-0.6000000000000001,3.75,-0.0014175688309120416,0.001201576518058134
1,20,-0.55,3.75,-0.002253805428161504,0.002221041038020094
2,20,-0.5000000000000001,3.75,-0.004453126133078661,0.0035997407870137776
3,20,-0.45000000000000007,3.75,-0.007731288724702884,0.004721528109247197
4,20,-0.4000000000000001,3.75,-0.0121800433098182,0.004429015441254069
5,20,-0.3500000000000001,3.75,-0.017527407561174768,0.001963373020194975
6,20,-0.30000000000000004,3.75,-0.022036583838563883,-0.0018223504628656073
7,20,-0.25000000000000006,3.75,-0.02284149151381948,-0.004612204833535083
8,20,-0.20000000000000007,3.75,-0.01876481817392528,-0.004688750994094881
9,20,-0.15000000000000008,3.75,-0.011782141966754367,-0.0024750077678725724
10,20,-0.10000000000000009,3.75,-0.004698143004243649,0.0004816532099657933
11,20,-0.050000000000000044,3.75,0.001165399529936273,0.00324619358779199
12,20,0.0,3.75,0.005492940771412713,0.005706094590522959
13,20,0.04999999999999993,3.75,0.008223772185370903,0.007812733573646924
14,20,0.09999999999999998,3.75,0.010408614536203675,0.009331697745925127
15,20,0.1499999999999999,3.75,0.015771615479798495,0.010143763640231562
16,20,0.19999999999999996,3.75,0.03133234462341955,0.01054771583868297
17,20,0.25,3.75,0.06320742267032192,0.011175464317252498
18,20,0.29999999999999993,3.75,0.10516378045742777,0.011205416258189271
19,20,0.35,3.75,0.13212072544772607,0.005933870509697847
20,20,0.3999999999999999,3.75,0.11562251091249198,-0.0084810578588429
21,20,0.44999999999999996,3.75,0.050622965129418496,-0.02376818874722339
22,20,0.5,3.75,-0.03532683327771541,-0.02187390233971548
23,20,0.55,3.75,-0.10057197409850546,0.002376770413163587
24,20,0.6000000000000001,3.75,-0.1195250195698172,0.03129836689068494
25,20,0.6499999999999999,3.75,-0.09853481367592329,0.04595123466833689
26,20,0.7,3.75,-0.06351678422725077,0.045267184838314045
27,20,0.75,3.75,-0.046117844244887574,0.03837546118711718
0,21,-0.6000000000000001,3.8,-0.0006862254135911461,0.000490182957967461
1,21,-0.55,3.8,-0.0012986271262499516,0.0007813178145035793
2,21,-0.5000000000000001,3.8,-0.0033064794045160883,0.0014038910217753497
3,21,-0.45000000000000007,3.8,-0.007256167550988707,0.0019694465399053285
4,21,-0.4000000000000001,3.8,-0.013394549103261516,0.0014627898472487078
5,21,-0.3500000000000001,3.8,-0.02032527360979322,-0.0006693825786778518
6,21,-0.30000000000000004,3.8,-0.024698680011806945,-0.0031861905399667434
7,21,-0.25000000000000006,3.8,-0.023508360131415107,-0.003948707568759702
8,21,-0.20000000000000007,3.8,-0.01719613301350148,-0.0023184394951519804
9,21,-0.15000000000000008,3.8,-0.009107933756563602,0.0005124641827145004
10,21,-0.10000000000000009,3.8,-0.0019187295320324815,0.0033532516023077052
11,21,-0.050000000000000044,3.8,0.0037704345876476975,0.005966163497924948
12,21,0.0,3.8,0.007884682661325748,0.008434352246360355
13,21,0.04999999999999993,3.8,0.010235621059968558,0.010583106609180493
14,21,0.09999999999999998,3.8,0.011777938763879725,0.012179420490956161
15,21,0.1499999999999999,3.8,0.01603393488139815,0.012949098532642478
16,21,0.19999999999999996,3.8,0.029396590926826643,0.011845013820676459
17,21,0.25,3.8,0.05668270999844918,0.006266659251938922
18,21,0.29999999999999993,3.8,0.0904260472088389,-0.007502517700622158
19,21,0.35,3.8,0.10814393527908833,-0.03094400513341436
20,21,0.3999999999999999,3.8,0.09088298136945672,-0.058014404458856944
21,21,0.44999999999999996,3.8,0.042646033561588165,-0.07425959500336185
22,21,0.5,3.8,-0.01508232347836258,-0.06567354031708814
23,21,0.55,3.8,-0.06138082737487491,-0.032407981148371706
24,21,0.6000000000000001,3.8,-0.08390767852708453,0.008559085195233435
25,21,0.6499999999999999,3.8,-0.08063506364782577,0.03823918330131723
26,21,0.7,3.8,-0.0611218137033713,0.05090551236826793
27,21,0.75,3.8,-0.049203349441667155,0.05241852513973161
0,22,-0.6000000000000001,3.85,-0.000835299117839805,0.000995158009678282
1,22,-0.55,3.85,-0.0013400973643536152,0.0004545239613766572
2,22,-0.5000000000000001,3.85,-0.0032649974076769117,-0.00012510456345718457
3,22,-0.45000000000000007,3.85,-0.007672389899229526,-0.000941324132015392
4,22,-0.4000000000000001,3.85,-0.01481887242840138,-0.0024395007037313066
5,22,-0.3500000000000001,3.85,-0.02217638794839022,-0.004339082825024765
6,22,-0.30000000000000004,3.85,-0.025315908828645733,-0.005029059478596082
7,22,-0.25000000000000006,3.85,-0.021973740469004716,-0.0032254486820273987
8,22,-0.20000000000000007,3.85,-0.014303646422451077,0.00030669308858560784
9,22,-0.15000000000000008,3.85,-0.006110450869294681,0.0038605521532722453
10,22,-0.10000000000000009,3.85,0.0007555563109667984,0.006725054968358124
11,22,-0.050000000000000044,3.85,0.0062465001739889225,0.009188867958066504
12,22,0.0,3.85,0.010109883882668258,0.011432107753639176
13,22,0.04999999999999993,3.85,0.01196884042996671,0.013200661200294117
14,22,0.09999999999999998,3.85,0.01277460645966566,0.014280169856138725
15,22,0.1499999999999999,3.85,0.015437208809518793,0.014489431107927303
16,22,0.19999999999999996,3.85,0.024649905342715994,0.0127807696156923
17,22,0.25,3.85,0.043859891149023306,0.006669477182498912
18,22,0.29999999999999993,3.85,0.0679531160720745,-0.005867196574391581
19,22,0.35,3.85,0.08160883868949129,-0.02211991121556192
20,22,0.3999999999999999,3.85,0.07230692104254449,-0.03436067332883208
21,22,0.44999999999999996,3.85,0.042963829271187304,-0.03588409113105831
22,22,0.5,3.85,0.006524780577274736,-0.02516873252688609
23,22,0.55,3.85,-0.02633934858618389,-0.004941808320569202
24,22,0.6000000000000001,3.85,-0.048877855120128266,0.019340748083072068
25,22,0.6499999999999999,3.85,-0.05618838650288879,0.04086985574748625
26,22,0.7,3.85,-0.04933744238883639,0.05505415562539903
27,22,0.75,3.85,-0.043091818701960216,0.06203264879181283
0,23,-0.6000000000000001,3.9000000000000004,-0.0017674935101943956,0.002186604176626916
1,23,-0.55,3.9000000000000004,-0.002418889699385418,0.0010287320370709618
2,23,-0.5000000000000001,3.9000000000000004,-0.0047023274979081375,-0.0006944558824797942
3,23,-0.45000000000000007,3.9000000000000004,-0.009570563691262829,-0.003059994096367563
4,23,-0.4000000000000001,3.9000000000000004,-0.01679230779627089,-0.005700314774280124
5,23,-0.3500000000000001,3.9000000000000004,-0.022914832384657996,-0.007220668497837368
6,23,-0.30000000000000004,3.9000000000000004,-0.02358504586880958,-0.0059051599742103444
7,23,-0.25000000000000006,3.9000000000000004,-0.018172607564233417,-0.0017405616176952021
8,23,-0.20000000000000007,3.9000000000000004,-0.010110132178201836,0.00332289627769794
9,23,-0.15000000000000008,3.9000000000000004,-0.002689571876791086,0.007494189834478249
10,23,-0.10000000000000009,3.9000000000000004,0.0034095862727617776,0.010460905109827834
11,23,-0.050000000000000044,3.9000000000000004,0.00847748737292875,0.01269514923690096
12,23,0.0,3.9000000000000004,0.01189647590355336,0.014412426076289564
13,23,0.04999999999999993,3.9000000000000004,0.013083683162468107,0.015485537741539573
14,23,0.09999999999999998,3.9000000000000004,0.013066708671512911,0.01582350940933605
15,23,0.1499999999999999,3.9000000000000004,0.014534534640951724,0.015467264113068063
16,23,0.19999999999999996,3.9000000000000004,0.021576637001398252,0.014526133038927358
17,23,0.25,3.9000000000000004,0.0380347438083653,0.013861754520958641
18,23,0.29999999999999993,3.9000000000000004,0.06163665881077807,0.016481313827372973
19,23,0.35,3.9000000000000004,0.07965045852464783,0.026392070831482567
20,23,0.3999999999999999,3.9000000000000004,0.07711880145396033,0.042393821275646115
21,23,0.44999999999999996,3.9000000000000004,0.051837974363534156,0.05642168000231956
22,23,0.5,3.9000000000000004,0.015859959332126528,0.06234922616738012
23,23,0.55,3.9000000000000004,-0.01687134676491675,0.06168136890471285
24,23,0.6000000000000001,3.9000000000000004,-0.038096014459029076,0.05960382978829851
25,23,0.6499999999999999,3.9000000000000004,-0.04492165610549881,0.05973509702169158
26,23,0.7,3.9000000000000004,-0.03995902065904472,0.06230541399418699
27,23,0.75,3.9000000000000004,-0.03524636310883955,0.06566470634513363
0,24,-0.6000000000000001,3.95,-0.0031510433969517138,0.003452781546008643
1,24,-0.55,3.95,-0.0042211574234603255,0.0020577054899474645
2,24,-0.5000000000000001,3.95,-0.007353723541115437,-0.0003542465891674673
3,24,-0.45000000000000007,3.95,-0.012678248791029856,-0.003733132644297421
4,24,-0.4000000000000001,3.95,-0.018979546829871186,-0.006862994103881415
5,24,-0.3500000000000001,3.95,-0.02238123314832044,-0.0075331850855434035
6,24,-0.30000000000000004,3.95,-0.019835801948503567,-0.004477425898721937
7,24,-0.25000000000000006,3.95,-0.012745684217096431,0.0010991597838622136
8,24,-0.20000000000000007,3.95,-0.0050688949702776265,0.006782938297909824
9,24,-0.15000000000000008,3.95,0.0010275579628352127,0.011132916052655484
10,24,-0.10000000000000009,3.95,0.00595651571338951,0.014038795996456632
11,24,-0.050000000000000044,3.95,0.010198021140450653,0.0158272060663317
12,24,0.0,3.95,0.012900272387306871,0.01669721961630205
13,24,0.04999999999999993,3.95,0.013379923763013196,0.016802500477955812
14,24,0.09999999999999998,3.95,0.01275633283119415,0.01633335230668234
15,24,0.1499999999999999,3.95,0.0141398324391101,0.015654075815874913
16,24,0.19999999999999996,3.95,0.023044395750606572,0.016104718368176174
17,24,0.25,3.95,0.04581507193746892,0.021787995433110996
18,24,0.29999999999999993,3.95,0.08048343238259842,0.0394064405997277
19,24,0.35,3.95,0.10752134613776443,0.07098575929020551
20,24,0.3999999999999999,3.95,0.10233653021338149,0.10499142766569852
21,24,0.44999999999999996,3.95,0.0629192341629213,0.12455080723100309
22,24,0.5,3.95,0.01178446947966802,0.12562883157306956
23,24,0.55,3.95,-0.029084744965265502,0.11621304959923417
24,24,0.6000000000000001,3.95,-0.05082412700314953,0.10315463668859964
25,24,0.6499999999999999,3.95,-0.05348680229700031,0.08977293138912268
26,24,0.7,3.95,-0.043407833065394336,0.07902012074173015
27,24,0.75,3.95,-0.03637323400006692,0.07242407568090789
0,25,-0.6000000000000001,4.0,-0.004557645622316753,0.00400714994846646
1,25,-0.55,4.0,-0.0062259178345615285,0.0028344751683788416
2,25,-0.5000000000000001,4.0,-0.010493165632153023,0.00047252414594661785
3,25,-0.45000000000000007,4.0,-0.016079311205976776,-0.0028973874298750257
4,25,-0.4000000000000001,4.0,-0.02059236023751687,-0.005458688663465411
5,25,-0.3500000000000001,4.0,-0.02052926417949852,-0.004837488876724971
6,25,-0.30000000000000004,4.0,-0.014952700999403962,-0.0007018851565304685
7,25,-0.25000000000000006,4.0,-0.006912243367601656,0.0049501989252151435
8,25,-0.20000000000000007,4.0,-7.637590940856587e-05,0.010058480267996772
9,25,-0.15000000000000008,4.0,0.004566285821755722,0.013851761086042524
10,25,-0.10000000000000009,4.0,0.008103876286437994,0.01629208856248912
11,25,-0.050000000000000044,4.0,0.011135910992774167,0.017400294089352647
12,25,0.0,4.0,0.012871770315177472,0.017317917904591112
13,25,0.04999999999999993,4.0,0.012719815852848398,0.016454739157013842
14,25,0.09999999999999998,4.0,0.011918284009432012,0.015274496537315968
15,25,0.1499999999999999,4.0,0.014305900702445556,0.014346943367234966
16,25,0.19999999999999996,4.0,0.027710556618634336,0.015202778246636572
17,25,0.25,4.0,0.061336466039916826,0.02178910906300152
18,25,0.29999999999999993,4.0,0.11083442266787258,0.039291766248782806
19,25,0.35,4.0,0.14523544559061866,0.0669148288939668
20,25,0.3999999999999999,4.0,0.1306838493947579,0.09303896639179368
21,25,0.44999999999999996,4.0,0.0724753782709052,0.10674775781298773
22,25,0.5,4.0,0.007522201700357611,0.11113362498738066
23,25,0.55,4.0,-0.03934554164938667,0.11478001631049103
24,25,0.6000000000000001,4.0,-0.06453613266914057,0.11745856962386086
25,25,0.6499999999999999,4.0,-0.0690561720523683,0.11379544019872526
26,25,0.7,4.0,-0.05730787636725951,0.10392479585851572
27,25,0.75,4.0,-0.04843845323048407,0.0928571057486495
0,26,-0.6000000000000001,4.05,-0.00549639295712695,0.002272778753312499
1,26,-0.55,4.05,-0.007755783225980167,0.0018167052235770753
2,26,-0.5000000000000001,4.05,-0.013085586139369304,0.0003950783358702692
3,26,-0.45000000000000007,4.05,-0.018609461600441884,-0.001709511642316447
4,26,-0.4000000000000001,4.05,-0.02091964827672113,-0.0026099024304841734
5,26,-0.3500000000000001,4.05,-0.017624429641385497,-0.0004887318229512827
6,26,-0.30000000000000004,4.05,-0.010048114146563453,0.003992309158910717
7,26,-0.25000000000000006,4.05,-0.0019853187925691906,0.00866610107959881
8,26,-0.20000000000000007,4.05,0.0038326671905497545,0.012301976322616343
9,26,-0.15000000000000008,4.05,0.0072611662573275615,0.014867468491920194
10,26,-0.10000000000000009,4.05,0.009505048716699632,0.016415292722985475
11,26,-0.050000000000000044,4.05,0.011223850482552644,0.016737558359633253
12,26,0.0,4.05,0.011954717454968067,0.01591641389958709
13,26,0.04999999999999993,4.05,0.011336502395738052,0.014489379302417699
14,26,0.09999999999999998,4.05,0.010648537041415274,0.013007956524334202
15,26,0.1499999999999999,4.05,0.014068114148430705,0.011832651013599094
16,26,0.19999999999999996,4.05,0.030486561446373128,0.011257084029109715
17,26,0.25,4.05,0.06990405993961515,0.011362724491941617
18,26,0.29999999999999993,4.05,0.1256091522135637,0.01127919361838578
19,26,0.35,4.05,0.1612685462807753,0.009092494978037713
20,26,0.3999999999999999,4.05,0.14216945913240242,0.005052606101497159
21,26,0.44999999999999996,4.05,0.08101389275850829,0.005270124011001742
22,26,0.5,4.05,0.019816727977171322,0.018361656773965146
23,26,0.55,4.05,-0.0227598003287853,0.04652819531684421
24,26,0.6000000000000001,4.05,-0.05180870311491531,0.08094884828867971
25,26,0.6499999999999999,4.05,-0.06702057606234546,0.1075903877682148
26,26,0.7,4.05,-0.06434616751547009,0.1193415248222926
27,26,0.75,4.05,-0.05850861421979936,0.11973934076852613
0,27,-0.6000000000000001,4.1,-0.0054697926817876,-0.004070978888059684
1,27,-0.55,4.1,-0.008103618252003758,-0.003492218554945886
2,27,-0.5000000000000001,4.1,-0.014019382498046545,-0.0032973617559990676
3,27,-0.45000000000000007,4.1,-0.01908429197233122,-0.0030788952192437047
4,27,-0.4000000000000001,4.1,-0.019371580418151707,-0.0013817838157655082
5,27,-0.3500000000000001,4.1,-0.013927052590103628,0.0025231910745203423
6,27,-0.30000000000000004,4.1,-0.00579786809685387,0.0072329996142043995
7,27,-0.25000000000000006,4.1,0.0013974237961039693,0.010936652954669085
8,27,-0.20000000000000007,4.1,0.006124991502912819,0.013220662490220636
9,27,-0.15000000000000008,4.1,0.008679602222124855,0.014541270527606565
10,27,-0.10000000000000009,4.1,0.009973966154151054,0.015098149729086269
11,27,-0.050000000000000044,4.1,0.010637032169375782,0.014715474514636062
12,27,0.0,4.1,0.010623591257961917,0.013501704995766833
13,27,0.04999999999999993,4.1,0.009811358477595511,0.012012984875727911
14,27,0.09999999999999998,4.1,0.009261555720613407,0.010719657973771585
15,27,0.1499999999999999,4.1,0.01255502820722107,0.009478660648736953
16,27,0.19999999999999996,4.1,0.02724063009697686,0.00682091026122475
17,27,0.25,4.1,0.06135857562919289,-0.001617827599876831
18,27,0.29999999999999993,4.1,0.10856419315396867,-0.022511397749415407
19,27,0.35,4.1,0.13900885807373003,-0.057169901784471094
20,27,0.3999999999999999,4.1,0.12686147842772194,-0.09261371224373427
21,27,0.44999999999999996,4.1,0.08578442894337318,-0.10865846751619848
22,27,0.5,4.1,0.04878027300620008,-0.09521915913978843
23,27,0.55,4.1,0.023241649865327896,-0.05555080659553999
24,27,0.6000000000000001,4.1,-0.0034739402177699774,0.00013219658088550745
25,27,0.6499999999999999,4.1,-0.030663495518755413,0.05638934315046501
26,27,0.7,4.1,-0.045158923366948184,0.09883807901428232
27,27,0.75,4.1,-0.047642821338017005,0.1235786237972257
0,28,-0.6000000000000001,4.15,-0.004338872290899354,-0.01613793368368102
1,28,-0.55,4.15,-0.006982166093919551,-0.014663764131910562
2,28,-0.5000000000000001,4.15,-0.012672262803667123,-0.012789290248756274
3,28,-0.45000000000000007,4.15,-0.016693883660208325,-0.009907709880131593
4,28,-0.4000000000000001,4.15,-0.015317561982957084,-0.0051957595366561304
5,28,-0.3500000000000001,4.15,-0.00900964621141559,0.0009049813438487264
6,28,-0.30000000000000004,4.15,-0.00163465226641471,0.0065735319859094865
7,28,-0.25000000000000006,4.15,0.004002344083447046,0.010498223577400795
8,28,-0.20000000000000007,4.15,0.007437284763487234,0.012719173792920951
9,28,-0.15000000000000008,4.15,0.009138653496193194,0.01376327552422646
10,28,-0.10000000000000009,4.15,0.00967925270372913,0.013900715471942826
11,28,-0.050000000000000044,4.15,0.009627405749233209,0.013178458120094994
12,28,0.0,4.15,0.009252227816059916,0.011866505117207465
13,28,0.04999999999999993,4.15,0.008554455373742803,0.010542118492234548
14,28,0.09999999999999998,4.15,0.008114212814424315,0.00959889284239332
15,28,0.1499999999999999,4.15,0.01016936643588387,0.008559400832147263
16,28,0.19999999999999996,4.15,0.019390073197759344,0.005036692444496116
17,28,0.25,4.15,0.040571751928975,-0.007073086729220274
18,28,0.29999999999999993,4.15,0.07005707802896943,-0.03616315766903466
19,28,0.35,4.15,0.09116623178645644,-0.08300521725890089
20,28,0.3999999999999999,4.15,0.09068089340067503,-0.13163776360406582
21,28,0.44999999999999996,4.15,0.07840844586245413,-0.16044221846574405
22,28,0.5,4.15,0.07292438889782982,-0.16109985159280693
23,28,0.55,4.15,0.07259155539188863,-0.13641495398323739
24,28,0.6000000000000001,4.15,0.060131446631089686,-0.08953576878569916
25,28,0.6499999999999999,4.15,0.03168530637105135,-0.028379033537615644
26,28,0.7,4.15,0.0028431131312905977,0.03107597981850105
27,28,0.75,4.15,-0.0090275246539126,0.07632213530267343
0,29,-0.6000000000000001,4.2,-0.0025214535782466796,-0.03119774549609211
1,29,-0.55,4.2,-0.004754974817079011,-0.029260585758675434
2,29,-0.5000000000000001,4.2,-0.009263328246267577,-0.026136723849129323
3,29,-0.45000000000000007,4.2,-0.011490761260231075,-0.02104716569560877
4,29,-0.4000000000000001,4.2,-0.008558889194171387,-0.013833880426701167
5,29,-0.3500000000000001,4.2,-0.002157761067538011,-0.005798339580849882
6,29,-0.30000000000000004,4.2,0.0037953741366981986,0.0012276772289479543
7,29,-0.25000000000000006,4.2,0.007543065603115434,0.006375089200240797
8,29,-0.20000000000000007,4.2,0.009390043449738483,0.009786705115660821
9,29,-0.15000000000000008,4.2,0.00986114390114673,0.01179760989861875
10,29,-0.10000000000000009,4.2,0.009389148750019588,0.012587812798039721
11,29,-0.050000000000000044,4.2,0.008602821814640421,0.012328603177004932
12,29,0.0,4.2,0.007987251630101472,0.011417796050146728
13,29,0.04999999999999993,4.2,0.007543746202781365,0.010462078307901662
14,29,0.09999999999999998,4.2,0.007278838060526122,0.009860647715028564
15,29,0.1499999999999999,4.2,0.007992827809323866,0.00916663103993548
16,29,0.19999999999999996,4.2,0.011608142535609323,0.006273763589733916
17,29,0.25,4.2,0.020158725515662113,-0.003710465155051662
18,29,0.29999999999999993,4.2,0.032632062624288055,-0.02717195477456885
19,29,0.35,4.2,0.04353425213869888,-0.06496596375130573
20,29,0.3999999999999999,4.2,0.04942447722087878,-0.10664059703074602
21,29,0.44999999999999996,4.2,0.056322340954632066,-0.13860851536340146
22,29,0.5,4.2,0.07280753748870675,-0.15639609449529593
23,29,0.55,4.2,0.09480573267243567,-0.16056725683933376
24,29,0.6000000000000001,4.2,0.10456198022785176,-0.14660732218589503
25,29,0.6499999999999999,4.2,0.0899482530854448,-0.11115346644802224
26,29,0.7,4.2,0.05954224547334089,-0.06325278096867254
27,29,0.75,4.2,0.04284948963032775,-0.017936937166643102
0,30,-0.6000000000000001,4.25,-0.0004645528160659995,-0.04293671722952669
1,30,-0.55,4.25,-0.001921144446956763,-0.04089598180251078
2,30,-0.5000000000000001,4.25,-0.0044588427406004605,-0.03709395021985126
3,30,-0.45000000000000007,4.25,-0.004391040237780169,-0.030747541389603422
4,30,-0.4000000000000001,4.25,-6.873586819819422e-05,-0.022368400172473185
5,30,-0.3500000000000001,4.25,0.006051911444233532,-0.013758966748846913
6,30,-0.30000000000000004,4.25,0.010538776514675968,-0.006408186218341827
7,30,-0.25000000000000006,4.25,0.012561371970159912,-0.0007387466464439663
8,30,-0.20000000000000007,4.25,0.012859805461865187,0.003438589227262312
9,30,-0.15000000000000008,4.25,0.011939761178572095,0.0063930440058936056
10,30,-0.10000000000000009,4.25,0.010210245982115312,0.008287508936734578
11,30,-0.050000000000000044,4.25,0.008457389001340215,0.009268862241961079
12,30,0.0,4.25,0.007385702946956646,0.009630756757714048
13,30,0.04999999999999993,4.25,0.006997307038624639,0.009803281705487998
14,30,0.09999999999999998,4.25,0.006818765546458133,0.010035039174247085
15,30,0.1499999999999999,4.25,0.006582482310589222,0.009958486786326715
16,30,0.19999999999999996,4.25,0.006512977002772202,0.008252606908254745
17,30,0.25,4.25,0.0071260335646722295,0.0023334750357847933
18,30,0.29999999999999993,4.25,0.008801579432715367,-0.010959735864521092
19,30,0.35,4.25,0.011697589530279273,-0.032374682636382435
20,30,0.3999999999999999,4.25,0.017038341788579298,-0.05804860168527881
21,30,0.44999999999999996,4.25,0.02865294839790422,-0.08331495451203305
22,30,0.5,4.25,0.05096564742189752,-0.10786850364137596
23,30,0.55,4.25,0.08238032770128953,-0.13258727202081433
24,30,0.6000000000000001,4.25,0.10954523702240121,-0.15177245317799376
25,30,0.6499999999999999,4.25,0.11503984758827385,-0.155411912821196
26,30,0.7,4.25,0.09605964241266973,-0.1415026785004296
27,30,0.75,4.25,0.08160416295014628,-0.11879313936127081
0,31,-0.6000000000000001,4.3,0.0015600172757851416,-0.04609087771571624
1,31,-0.55,4.3,0.0010877921925964151,-0.04441906123890185
2,31,-0.5000000000000001,4.3,0.0008851121666397788,-0.04080572598242613
3,31,-0.45000000000000007,4.3,0.0032347887871470027,-0.03458112457687762
4,31,-0.4000000000000001,4.3,0.008429685446585122,-0.026687522324261304
5,31,-0.3500000000000001,4.3,0.013802452886593347,-0.01908469299327517
6,31,-0.30000000000000004,4.3,0.016815594239101145,-0.012904929581060015
7,31,-0.25000000000000006,4.3,0.017389841048719573,-0.008289793265051498
8,31,-0.20000000000000007,4.3,0.016521834102076055,-0.004993607431199865
9,31,-0.15000000000000008,4.3,0.014710063610618995,-0.002539587007843319
10,31,-0.10000000000000009,4.3,0.012264966986087061,-0.0004437305735005559
11,31,-0.050000000000000044,4.3,0.009946069635619892,0.0015776629209407478
12,31,0.0,4.3,0.008521671093628391,0.003648850487063815
13,31,0.04999999999999993,4.3,0.007948028619314401,0.005764247462693162
14,31,0.09999999999999998,4.3,0.007434043141364838,0.007667771570777637
15,31,0.1499999999999999,4.3,0.006210395543331526,0.008811186756922523
16,31,0.19999999999999996,4.3,0.003983130785067401,0.008476440390462331
17,31,0.25,4.3,0.0009463827428862759,0.005908193981978976
18,31,0.29999999999999993,4.3,-0.002076095047879173,0.0004652407112142043
19,31,0.35,4.3,-0.003554613682058838,-0.00802463892521102
20,31,0.3999999999999999,4.3,-0.0015157946547718348,-0.0193039023215498
21,31,0.44999999999999996,4.3,0.006502438998534921,-0.03383362383337682
22,31,0.5,4.3,0.02353521997992547,-0.0538730118542248
23,31,0.55,4.3,0.05090178313581786,-0.08196696459248892
24,31,0.6000000000000001,4.3,0.08173733942747008,-0.11631700398385139
25,31,0.6499999999999999,4.3,0.10021802776300895,-0.14823281731082036
26,31,0.7,4.3,0.09616101893326609,-0.16872136422301107
27,31,0.75,4.3,0.08826856790864535,-0.17671930970389257
0,32,-0.6000000000000001,4.35,0.002879080137562773,-0.040595655429767896
1,32,-0.55,4.35,0.003364007286333348,-0.03983406001860895
2,32,-0.5000000000000001,4.35,0.005379093921423772,-0.037411750962286494
3,32,-0.45000000000000007,4.35,0.009727163420384655,-0.03288635440868021
4,32,-0.4000000000000001,4.35,0.015427695715404255,-0.027228194737070888
5,32,-0.3500000000000001,4.35,0.01983450418743482,-0.02199662203065611
6,32,-0.30000000000000004,4.35,0.02133367624289964,-0.017908395659122917
7,32,-0.25000000000000006,4.35,0.020472694120020063,-0.015063789605237049
8,32,-0.20000000000000007,4.35,0.018610011719073366,-0.013341128799886637
9,32,-0.15000000000000008,4.35,0.016489638036271403,-0.0121527878551278
10,32,-0.10000000000000009,4.35,0.01432749591089938,-0.010682734752495565
11,32,-0.050000000000000044,4.35,0.012549970061904586,-0.008394105327717838
12,32,0.0,4.35,0.01157228748870906,-0.005210604256903062
13,32,0.04999999999999993,4.35,0.011016228122338462,-0.0015389278276477236
14,32,0.09999999999999998,4.35,0.009865704840687495,0.001895672702690171
15,32,0.1499999999999999,4.35,0.007391151130273915,0.004444046861594858
16,32,0.19999999999999996,4.35,0.0036099842278286554,0.005754303544409228
17,32,0.25,4.35,-0.0008851661145758971,0.005818200753551911
18,32,0.29999999999999993,4.35,-0.0051312534744746285,0.004988837808178603
19,32,0.35,4.35,-0.00807155350248473,0.003590514937143602
20,32,0.3999999999999999,4.35,-0.008770643119586502,0.0010610989136305982
21,32,0.44999999999999996,4.35,-0.005916161134770781,-0.004428693103814968
22,32,0.5,4.35,0.0028323066627854165,-0.015696149155207395
23,32,0.55,4.35,0.01993633557166294,-0.03599361871140877
24,32,0.6000000000000001,4.35,0.04327938430406977,-0.06708939219064611
25,32,0.6499999999999999,4.35,0.06263548734911417,-0.1052308614963246
26,32,0.7,4.35,0.06757315001959752,-0.14142394547861953
27,32,0.75,4.35,0.06560827198838326,-0.16872597069928386
0,33,-0.6000000000000001,4.4,0.0030832080981030296,-0.030276178489806738
1,33,-0.55,4.4,0.004271696660077817,-0.03012791711874907
2,33,-0.5000000000000001,4.4,0.007832817776568524,-0.028936552559467865
3,33,-0.45000000000000007,4.4,0.013418345012362609,-0.02684704303967167
4,33,-0.4000000000000001,4.4,0.01931941782460922,-0.024817095016132773
5,33,-0.3500000000000001,4.4,0.023122251964541318,-0.02350406819644879
6,33,-0.30000000000000004,4.4,0.023748426664520206,-0.022688982776432887
7,33,-0.25000000000000006,4.4,0.021957107907955853,-0.022069056737371445
8,33,-0.20000000000000007,4.4,0.019432835852185304,-0.02155536821880466
9,33,-0.15000000000000008,4.4,0.017368457658010067,-0.020801424906860683
10,33,-0.10000000000000009,4.4,0.016023649513497024,-0.019259233346440585
11,33,-0.050000000000000044,4.4,0.015418200131212395,-0.01661612811974203
12,33,0.0,4.4,0.015376848593698506,-0.013022590170091997
13,33,0.04999999999999993,4.4,0.015054305578907634,-0.00910778509372795
14,33,0.09999999999999998,4.4,0.01341701783060742,-0.005514843480697029
15,33,0.1499999999999999,4.4,0.010069026385050583,-0.0023730916045142103
16,33,0.19999999999999996,4.4,0.005357284677024454,0.00042363269097900336
17,33,0.25,4.4,0.00018091700665565091,0.0027783905368050643
18,33,0.29999999999999993,4.4,-0.004303780864287482,0.004678015009757092
19,33,0.35,4.4,-0.007482352576606843,0.0063909856552374356
20,33,0.3999999999999999,4.4,-0.009535002695730405,0.007775889155424431
21,33,0.44999999999999996,4.4,-0.010254809070303073,0.007666037290495614
22,33,0.5,4.4,-0.008029705627668332,0.00390677348204263
23,33,0.55,4.4,-0.0004914598996208497,-0.006369115336265635
24,33,0.6000000000000001,4.4,0.012500096642554248,-0.025955474050712996
25,33,0.6499999999999999,4.4,0.02588347447503553,-0.05447185993586512
26,33,0.7,4.4,0.032665909730306836,-0.08621198656101017
27,33,0.75,4.4,0.03366451746731669,-0.11411991698800444
0,34,-0.6000000000000001,4.45,0.0031756028796781077,-0.01926091033594507
1,34,-0.55,4.45,0.0047036332166722206,-0.01866666084273244
2,34,-0.5000000000000001,4.45,0.008659968000501173,-0.017703918935109142
3,34,-0.45000000000000007,4.45,0.013846620963719747,-0.017336020334066393
4,34,-0.4000000000000001,4.45,0.018770670558627134,-0.01877106421511482
5,34,-0.3500000000000001,4.45,0.021962616427134707,-0.021966772703435056
6,34,-0.30000000000000004,4.45,0.022768687701976986,-0.025552071259702103
7,34,-0.25000000000000006,4.45,0.02160630867764829,-0.028133866144529618
8,34,-0.20000000000000007,4.45,0.01987764354958413,-0.029074179871202144
9,34,-0.15000000000000008,4.45,0.01878577290863548,-0.028294914055930764
10,34,-0.10000000000000009,4.45,0.018512792698018032,-0.026002180196477293
11,34,-0.050000000000000044,4.45,0.018786613238253175,-0.022662800990320697
12,34,0.0,4.45,0.01908063051472314,-0.019006554639457163
13,34,0.04999999999999993,4.45,0.01852397481173343,-0.01578775176682562
14,34,0.09999999999999998,4.45,0.016600398329901234,-0.013112242149481146
15,34,0.1499999999999999,4.45,0.013329627301949948,-0.01022227320571445
16,34,0.19999999999999996,4.45,0.00876146636914793,-0.006502211978142436
17,34,0.25,4.45,0.003369216204202191,-0.0023575802043872274
18,34,0.29999999999999993,4.45,-0.0015186583560422573,0.0013841003273067087
19,34,0.35,4.45,-0.00497367935681739,0.004499870758482988
20,34,0.3999999999999999,4.45,-0.007495591484328323,0.007267556046157281
21,34,0.44999999999999996,4.45,-0.009785276808152582,0.009596777994830552
22,34,0.5,4.45,-0.011202845963975833,0.010419630933974494
23,34,0.55,4.45,-0.009925911961092687,0.007702185144798784
24,34,0.6000000000000001,4.45,-0.004823360295529711,-0.0009532693583663709
25,34,0.6499999999999999,4.45,0.002378974838816994,-0.016244176792059167
26,34,0.7,4.45,0.007925092967458192,-0.035267324548724915
27,34,0.75,4.45,0.009792411134394718,-0.05337178755450325
0,35,-0.6000000000000001,4.5,0.004271707084528287,-0.010216115895637923
1,35,-0.55,4.5,0.005828688060913745,-0.008926575668563586
2,35,-0.5000000000000001,4.5,0.009163458285234571,-0.007744817890548428
3,35,-0.45000000000000007,4.5,0.012351199732356932,-0.00801788270239745
4,35,-0.4000000000000001,4.5,0.014688665455240557,-0.011145810706273684
5,35,-0.3500000000000001,4.5,0.016341244919954034,-0.017082539908176153
6,35,-0.30000000000000004,4.5,0.017581333223425644,-0.02403766595355128
7,35,-0.25000000000000006,4.5,0.018434999296455812,-0.02967509368281024
8,35,-0.20000000000000007,4.5,0.019271787940784157,-0.03255425098373177
9,35,-0.15000000000000008,4.5,0.020440457332734918,-0.03257519062006761
10,35,-0.10000000000000009,4.5,0.02165576257910709,-0.03047463220837321
11,35,-0.050000000000000044,4.5,0.022413825688232525,-0.027378254863933554
12,35,0.0,4.5,0.022251897817193583,-0.0245188605511798
13,35,0.04999999999999993,4.5,0.02094861806888365,-0.022558997590807206
14,35,0.09999999999999998,4.5,0.01898249639171859,-0.02096389775898405
15,35,0.1499999999999999,4.5,0.016679056556389293,-0.018431292697250606
16,35,0.19999999999999996,4.5,0.013221977678351676,-0.014228034462146627
17,35,0.25,4.5,0.008067229312104796,-0.008965085694277453
18,35,0.29999999999999993,4.5,0.002553670098582733,-0.003913604419073513
19,35,0.35,4.5,-0.0015988968577562712,0.0002162116048917695
20,35,0.3999999999999999,4.5,-0.00443809545938284,0.0036594819678158197
21,35,0.44999999999999996,4.5,-0.007102734182485859,0.006924354207955008
22,35,0.5,4.5,-0.0099242984777001,0.009896756977908205
23,35,0.55,4.5,-0.011864360191961715,0.01149691721343618
24,35,0.6000000000000001,4.5,-0.011446265294303704,0.010026972895630093
25,35,0.6499999999999999,4.5,-0.008430580715323016,0.004542310204278394
26,35,0.7,4.5,-0.00446170103213725,-0.003762468844035194
27,35,0.75,4.5,-0.0025444085442399844,-0.012365740964186966
0,36,-0.6000000000000001,4.55,0.005754683333826782,-0.003798470097338136
1,36,-0.55,4.55,0.007174931221761716,-0.0028329668170548605
2,36,-0.5000000000000001,4.55,0.009568660966667308,-0.002222086406395707
3,36,-0.45000000000000007,4.55,0.01044562814799449,-0.0029957469523125835
4,36,-0.4000000000000001,4.55,0.00970601335284843,-0.006297479635712089
5,36,-0.3500000000000001,4.55,0.009070761179857112,-0.012375763278343888
6,36,-0.30000000000000004,4.55,0.0101761339273429,-0.019938195755520305
7,36,-0.25000000000000006,4.55,0.0130897236474678,-0.02671571664919742
8,36,-0.20000000000000007,4.55,0.016977546612326755,-0.030960758440224667
9,36,-0.15000000000000008,4.55,0.02086539168399404,-0.032339455470987155
10,36,-0.10000000000000009,4.55,0.02370972845415209,-0.03154928491656356
11,36,-0.050000000000000044,4.55,0.024742384895446584,-0.029813457744273936
12,36,0.0,4.55,0.02389988778784949,-0.02841822966606955
13,36,0.04999999999999993,4.55,0.022078937603929177,-0.027719862131889983
14,36,0.09999999999999998,4.55,0.020728103223457833,-0.02683144016498773
15,36,0.1499999999999999,4.55,0.020065490598787372,-0.02461881051728204
16,36,0.19999999999999996,4.55,0.018227673372121084,-0.020693419798848978
17,36,0.25,4.55,0.013683646247275305,-0.015529483807053546
18,36,0.29999999999999993,4.55,0.007662638943126965,-0.010067378338326771
19,36,0.35,4.55,0.002599407030071943,-0.005183144741190554
20,36,0.3999999999999999,4.55,-0.0007874488812650848,-0.001099635830851542
21,36,0.44999999999999996,4.55,-0.0035480017980601963,0.002621025339619859
22,36,0.5,4.55,-0.00663028295849466,0.006371673526232441
23,36,0.55,4.55,-0.0097956960433708,0.009888128162162668
24,36,0.6000000000000001,4.55,-0.011777967304687498,0.012203687844424688
25,36,0.6499999999999999,4.55,-0.011410466900848293,0.0123626285556247
26,36,0.7,4.55,-0.008982958201007168,0.010468222568876806
27,36,0.75,4.55,-0.007414133105908827,0.007649184006217613
0,37,-0.6000000000000001,4.6,0.006202713645094837,0.0004308378278061742
1,37,-0.55,4.6,0.007405071751856174,0.00021147974769070155
2,37,-0.5000000000000001,4.6,0.009000678149976848,-0.0005388113919962967
3,37,-0.45000000000000007,4.6,0.00827580650304055,-0.002294051704936906
4,37,-0.4000000000000001,4.6,0.005308649129209253,-0.005585533951519561
5,37,-0.3500000000000001,4.6,0.0027005288001458183,-0.010642387963822608
6,37,-0.30000000000000004,4.6,0.0032413798525721127,-0.016913083069560186
7,37,-0.25000000000000006,4.6,0.0074124366117514495,-0.02303801874588951
8,37,-0.20000000000000007,4.6,0.01364804911899442,-0.0276487925611682
9,37,-0.15000000000000008,4.6,0.019851930856396027,-0.03016011136862451
10,37,-0.10000000000000009,4.6,0.02418176030582031,-0.030723842822268366
11,37,-0.050000000000000044,4.6,0.025544880938726533,-0.030013733843325396
12,37,0.0,4.6,0.024345493429577536,-0.028926723708335295
13,37,0.04999999999999993,4.6,0.02253540756996547,-0.027792631795984096
14,37,0.09999999999999998,4.6,0.02208354800632653,-0.026315286111680825
15,37,0.1499999999999999,4.6,0.022817076922528046,-0.02436780662586041
16,37,0.19999999999999996,4.6,0.022311304388580172,-0.02202615821742568
17,37,0.25,4.6,0.018693270772627002,-0.018983837843440377
18,37,0.29999999999999993,4.6,0.012900009164445725,-0.014908024390510033
19,37,0.35,4.6,0.007368845649718958,-0.01026429999762657
20,37,0.3999999999999999,4.6,0.0033660746214275727,-0.005866193052293522
21,37,0.44999999999999996,4.6,0.0003685751745981236,-0.0019037425992968204
22,37,0.5,4.6,-0.0026571956551572906,0.0019969780229503464
23,37,0.55,4.6,-0.006032345873769468,0.006052447110277415
24,37,0.6000000000000001,4.6,-0.008971764900841672,0.009913585242371653
25,37,0.6499999999999999,4.6,-0.010166045990870898,0.01284764213826034
26,37,0.7,4.6,-0.009175145581544336,0.014401516130675973
27,37,0.75,4.6,-0.00818248566955837,0.014811851520622338
0,38,-0.6000000000000001,4.65,0.005315967173595837,0.002534280687344348
1,38,-0.55,4.65,0.006205282001959245,0.0013628795473327737
2,38,-0.5000000000000001,4.65,0.007063129514039701,-0.0005284329273788635
3,38,-0.45000000000000007,4.65,0.005398905588471226,-0.0032731800901278363
4,38,-0.4000000000000001,4.65,0.001357677093962728,-0.006781890491079912
5,38,-0.3500000000000001,4.65,-0.002256787938183513,-0.010884976947147795
6,38,-0.30000000000000004,4.65,-0.0022194968547240013,-0.01546023300411481
7,38,-0.25000000000000006,4.65,0.002354014155859785,-0.02021754107863899
8,38,-0.20000000000000007,4.65,0.009855453989591756,-0.024591782218461034
9,38,-0.15000000000000008,4.65,0.017790341422893874,-0.02790681091240893
10,38,-0.10000000000000009,4.65,0.023856105979451203,-0.029470161122306104
11,38,-0.050000000000000044,4.65,0.026539504009379655,-0.028878237531243522
12,38,0.0,4.65,0.02612098983519079,-0.026397715629171148
13,38,0.04999999999999993,4.65,0.024690375200583647,-0.022822321850586857
14,38,0.09999999999999998,4.65,0.02415292839358152,-0.019310031625741353
15,38,0.1499999999999999,4.65,0.024354618493042518,-0.0172167489033824
16,38,0.19999999999999996,4.65,0.023611642154541118,-0.017033176662153565
17,38,0.25,4.65,0.02080178007419095,-0.017442638894804574
18,38,0.29999999999999993,4.65,0.016382176788940772,-0.016469200012557
19,38,0.35,4.65,0.011641238368288453,-0.013548330999700736
20,38,0.3999999999999999,4.65,0.007573108517064664,-0.009653381981327147
21,38,0.44999999999999996,4.65,0.0043151692771836725,-0.00578062520560127
22,38,0.5,4.65,0.0013259067510795752,-0.0020657256585017436
23,38,0.55,4.65,-0.001879088823949493,0.0018095575889534588
24,38,0.6000000000000001,4.65,-0.004982772276704572,0.005908827170247599
25,38,0.6499999999999999,4.65,-0.006922536012543973,0.009784933140990631
26,38,0.7,4.65,-0.007018748818645171,0.012842205237943716
27,38,0.75,4.65,-0.006593462326016097,0.014864439978780203
0,39,-0.6000000000000001,4.7,0.0038599113650716887,0.0026297712008593876
1,39,-0.55,4.7,0.004342358137132962,0.0012359832080299782
2,39,-0.5000000000000001,4.7,0.0043646185125162384,-0.0009900278417579456
3,39,-0.45000000000000007,4.7,0.002022348939339502,-0.004076483621565097
4,39,-0.4000000000000001,4.7,-0.002303147727810706,-0.007550205911110164
5,39,-0.3500000000000001,4.7,-0.00597781371288908,-0.010804640189991666
6,39,-0.30000000000000004,4.7,-0.006091184278919082,-0.013760501040038231
7,39,-0.25000000000000006,4.7,-0.0017191126025947745,-0.016837879237144027
8,39,-0.20000000000000007,4.7,0.00595877928522448,-0.02029820686029138
9,39,-0.15000000000000008,4.7,0.014973551952550956,-0.02363155481253848
10,39,-0.10000000000000009,4.7,0.023210333686985718,-0.025537351918791806
11,39,-0.050000000000000044,4.7,0.02861732643186149,-0.024752712017231948
12,39,0.0,4.7,0.0304014091102342,-0.0210900832635319
13,39,0.04999999999999993,4.7,0.029623091573395266,-0.01570883684582275
14,39,0.09999999999999998,4.7,0.027689120953530988,-0.01071853797054767
15,39,0.1499999999999999,4.7,0.025093931886115833,-0.008365832924504824
16,39,0.19999999999999996,4.7,0.022085414397158,-0.009487713956130572
17,39,0.25,4.7,0.019257247422223567,-0.01248872425677186
18,39,0.29999999999999993,4.7,0.016794317059549563,-0.01460416067755807
19,39,0.35,4.7,0.014184663680948811,-0.014208894936408867
20,39,0.3999999999999999,4.7,0.01113378041552704,-0.011657196947553322
21,39,0.44999999999999996,4.7,0.007956231497423527,-0.008285326030383067
22,39,0.5,4.7,0.004932987139397438,-0.004968487494392826
23,39,0.55,4.7,0.0019422069549798748,-0.0016662977478283658
24,39,0.6000000000000001,4.7,-0.0009963893488044995,0.0019277568377923382
25,39,0.6499999999999999,4.7,-0.0032326679231747812,0.005631733227731139
26,39,0.7,4.7,-0.004095638743754765,0.00886056096183363
27,39,0.75,4.7,-0.004138016187885396,0.011234168845514342
0,40,-0.6000000000000001,4.75,0.002528391187937018,0.0016930291399683273
1,40,-0.55,4.75,0.0025854829593419115,0.0005408753559671409
2,40,-0.5000000000000001,4.75,0.001750662684444626,-0.0013979622724238916
3,40,-0.45000000000000007,4.75,-0.0011612724808809927,-0.00413991051274154
4,40,-0.4000000000000001,4.75,-0.005370479474463841,-0.0071067738485039444
5,40,-0.3500000000000001,4.75,-0.00846708306711158,-0.009467853990358377
6,40,-0.30000000000000004,4.75,-0.008252735901876362,-0.010998185857047371
7,40,-0.25000000000000006,4.75,-0.004183691664393363,-0.0123351004771044
8,40,-0.20000000000000007,4.75,0.0030617784141973026,-0.014186764436072419
9,40,-0.15000000000000008,4.75,0.012551196364393447,-0.016303850610409898
10,40,-0.10000000000000009,4.75,0.022734948774757735,-0.017454964309507326
11,40,-0.050000000000000044,4.75,0.03098677266463956,-0.016474333710428113
12,40,0.0,4.75,0.03516486500659999,-0.01322596645782409
13,40,0.04999999999999993,4.75,0.03506192049356788,-0.008663624696964856
14,40,0.09999999999999998,4.75,0.031495932314899444,-0.004449776421590335
15,40,0.1499999999999999,4.75,0.025585442507459616,-0.0024759423186258844
16,40,0.19999999999999996,4.75,0.01948875082227408,-0.0037042361957205505
17,40,0.25,4.75,0.015685333352763453,-0.0071913947915283605
18,40,0.29999999999999993,4.75,0.014662006109303766,-0.010725523654737529
19,40,0.35,4.75,0.014588202098293201,-0.012337436083716541
20,40,0.3999999999999999,4.75,0.013496677423090464,-0.011425604761862718
21,40,0.44999999999999996,4.75,0.011003878730344169,-0.00890847190884822
22,40,0.5,4.75,0.007944935033634276,-0.006131566691986445
23,40,0.55,4.75,0.005017155508235671,-0.0035693383223274477
24,40,0.6000000000000001,4.75,0.002315258698854933,-0.0008642999612003266
25,40,0.6499999999999999,4.75,1.0268111497319099e-05,0.002094154986792135
26,40,0.7,4.75,-0.0014163132008619683,0.004822424423700511
27,40,0.75,4.75,-0.001846246558654674,0.0068780812312871364
0,41,-0.6000000000000001,4.800000000000001,0.001555603797069316,0.0008080537047949754
1,41,-0.55,4.800000000000001,0.0012513667247407434,8.121272704331162e-07
2,41,-0.5000000000000001,4.800000000000001,-0.00031616735619244274,-0.0014334572385113487
3,41,-0.45000000000000007,4.800000000000001,-0.0036864626367405506,-0.003521408364567935
4,41,-0.4000000000000001,4.800000000000001,-0.007631091205427543,-0.005752254395767764
5,41,-0.3500000000000001,4.800000000000001,-0.009869225721432506,-0.007295798620367555
6,41,-0.30000000000000004,4.800000000000001,-0.008958430765665104,-0.007827847155071899
7,41,-0.25000000000000006,4.800000000000001,-0.004907691181619822,-0.007912337101263212
8,41,-0.20000000000000007,4.800000000000001,0.0019900291519189817,-0.008240970318082186
9,41,-0.15000000000000008,4.800000000000001,0.01170535207911605,-0.008692067570966189
10,41,-0.10000000000000009,4.800000000000001,0.023039850586967503,-0.008539981916266537
11,41,-0.050000000000000044,4.800000000000001,0.032846324283544726,-0.007367029965567595
12,41,0.0,4.800000000000001,0.03821211812369746,-0.005406499244355323
13,41,0.04999999999999993,4.800000000000001,0.03839928160962902,-0.0031323768490401638
14,41,0.09999999999999998,4.800000000000001,0.03387680333186996,-0.001074935185496062
15,41,0.1499999999999999,4.800000000000001,0.025839472111985617,-6.836078473154705e-05
16,41,0.19999999999999996,4.800000000000001,0.017369961924255523,-0.0008791764899779286
17,41,0.25,4.800000000000001,0.012235959963206589,-0.003427116765803151
18,41,0.29999999999999993,4.800000000000001,0.011648275767361382,-0.006659292994628668
19,41,0.35,4.800000000000001,0.013484582573823622,-0.009021563695245233
20,41,0.3999999999999999,4.800000000000001,0.01456274459039536,-0.009344992581496181
21,41,0.44999999999999996,4.800000000000001,0.0132502695672998,-0.0078006218495677015
22,41,0.5,4.800000000000001,0.01027212072591821,-0.005663492555044586
23,41,0.55,4.800000000000001,0.007209473685765994,-0.003814484211515229
24,41,0.6000000000000001,4.800000000000001,0.004667103960315083,-0.0020423334198903242
25,41,0.6499999999999999,4.800000000000001,0.0024540564617260563,-2.160949047064209e-06
26,41,0.7,4.800000000000001,0.0006882875007402367,0.002027055168320885
27,41,0.75,4.800000000000001,-2.6702572712145045e-05,0.0036103320912858616
0,42,-0.6000000000000001,4.85,0.0009139080328879334,0.0004756022147234251
1,42,-0.55,4.85,0.00034397201603558747,-0.0001660935494579574
2,42,-0.5000000000000001,4.85,-0.0017715578073937421,-0.0013391872026868867
3,42,-0.45000000000000007,4.85,-0.005480069638137408,-0.003076874451860556
4,42,-0.4000000000000001,4.85,-0.00914486973026346,-0.004926401205480602
5,42,-0.3500000000000001,4.85,-0.010542675826415715,-0.0061044315015323924
6,42,-0.30000000000000004,4.85,-0.008869274382772019,-0.006273301415447019
7,42,-0.25000000000000006,4.85,-0.00459681482740365,-0.005926118735746222
8,42,-0.20000000000000007,4.85,0.0022820479444943254,-0.005651548707014675
9,42,-0.15000000000000008,4.85,0.012252184766209095,-0.005342081150595535
10,42,-0.10000000000000009,4.85,0.02405998638015633,-0.004557883332828583
11,42,-0.050000000000000044,4.85,0.034120255336550775,-0.0033018095642178835
12,42,0.0,4.85,0.03939951812312742,-0.002010021226816483
13,42,0.04999999999999993,4.85,0.03939348455242714,-0.0009270095653579613
14,42,0.09999999999999998,4.85,0.03455994837920806,-2.1615341220249107e-05
15,42,0.1499999999999999,4.85,0.02578120120297775,0.00043928052931824224
16,42,0.19999999999999996,4.85,0.016129994841202477,-0.00013815715923598537
17,42,0.25,4.85,0.009905216848112713,-0.002040653636787848
18,42,0.29999999999999993,4.85,0.009067559179861684,-0.004799643389423736
19,42,0.35,4.85,0.011902502511425689,-0.007202086811787245
20,42,0.3999999999999999,4.85,0.014717619268767995,-0.007963803514219603
21,42,0.44999999999999996,4.85,0.014685378756795764,-0.006892337455041975
22,42,0.5,4.85,0.011931072671686749,-0.005093585135227674
23,42,0.55,4.85,0.008638314643389933,-0.0035744335635048974
24,42,0.6000000000000001,4.85,0.0061275819613230975,-0.0022359032199797957
25,42,0.6499999999999999,4.85,0.004079656699708528,-0.0006534775614888688
26,42,0.7,4.85,0.0021961798394709575,0.001015297255985148
27,42,0.75,4.85,0.0013203072872752797,0.002362307115972573
